word	format	onset	duration	onset_flip	offset_flip	duration_flip
+		0.0	10.0	0.0	9.983672142028809	9.983672142028809
Harry		10.0	0.5	9.983672142028809	10.483652114868164	0.49997997283935547
had		10.5	0.5	10.483652114868164	10.983614206314087	0.49996209144592285
never		11.0	0.5	10.983614206314087	11.48360013961792	0.499985933303833
believed		11.5	0.5	11.48360013961792	11.983574151992798	0.49997401237487793
he		12.0	0.5	11.983574151992798	12.483561038970947	0.4999868869781494
would		12.5	0.5	12.483561038970947	12.983533143997192	0.4999721050262451
meet		13.0	0.5	12.983533143997192	13.48332405090332	0.49979090690612793
a		13.5	0.5	13.48332405090332	13.983158111572266	0.4998340606689453
boy		14.0	0.5	13.983158111572266	14.483052015304565	0.4998939037322998
he		14.5	0.5	14.483052015304565	14.983041048049927	0.49998903274536133
hated		15.0	0.5	14.983041048049927	15.483036041259766	0.49999499320983887
more		15.5	0.5	15.483036041259766	15.983012199401855	0.49997615814208984
than		16.0	0.5	15.983012199401855	16.48302412033081	0.5000119209289551
Dudley,		16.5	0.5	16.48302412033081	16.98305916786194	0.5000350475311279
but		17.0	0.5	16.98305916786194	17.482969045639038	0.4999098777770996
that		17.5	0.5	17.482969045639038	17.982986211776733	0.5000171661376953
was		18.0	0.5	17.982986211776733	18.482946157455444	0.49995994567871094
before		18.5	0.5	18.482946157455444	18.982929229736328	0.4999830722808838
he		19.0	0.5	18.982929229736328	19.482940196990967	0.5000109672546387
met		19.5	0.5	19.482940196990967	19.982911109924316	0.4999709129333496
Draco		20.0	0.5	19.982911109924316	20.48289918899536	0.4999880790710449
Malfoy.		20.5	0.5	20.48289918899536	20.982879161834717	0.49997997283935547
Still,		21.0	0.5	20.982879161834717	21.482882022857666	0.5000028610229492
first-year		21.5	0.5	21.482882022857666	21.982879161834717	0.4999971389770508
Gryffindors		22.0	0.5	21.982879161834717	22.482840061187744	0.49996089935302734
only		22.5	0.5	22.482840061187744	22.98282217979431	0.4999821186065674
had		23.0	0.5	22.98282217979431	23.482816219329834	0.49999403953552246
Potions		23.5	0.5	23.482816219329834	23.982813119888306	0.4999969005584717
with		24.0	0.5	23.982813119888306	24.48277711868286	0.49996399879455566
the		24.5	0.5	24.48277711868286	24.982787132263184	0.5000100135803223
Slytherins,		25.0	0.5	24.982787132263184	25.482753038406372	0.4999659061431885
so		25.5	0.5	25.482753038406372	25.982768058776855	0.5000150203704834
they		26.0	0.5	25.982768058776855	26.48273801803589	0.4999699592590332
didn't		26.5	0.5	26.48273801803589	26.982722997665405	0.4999849796295166
have		27.0	0.5	26.982722997665405	27.482696056365967	0.4999730587005615
to		27.5	0.5	27.482696056365967	27.982704162597656	0.5000081062316895
put		28.0	0.5	27.982704162597656	28.482673168182373	0.4999690055847168
up		28.5	0.5	28.482673168182373	28.982668161392212	0.49999499320983887
with		29.0	0.5	28.982668161392212	29.482688188552856	0.5000200271606445
Malfoy		29.5	0.5	29.482688188552856	29.98267912864685	0.49999094009399414
much.		30.0	0.5	29.98267912864685	30.482678174972534	0.4999990463256836
Or		30.5	0.5	30.482678174972534	30.98264217376709	0.49996399879455566
at		31.0	0.5	30.98264217376709	31.4826340675354	0.49999189376831055
least,		31.5	0.5	31.4826340675354	31.98262310028076	0.49998903274536133
they		32.0	0.5	31.98262310028076	32.48259711265564	0.49997401237487793
didn't		32.5	0.5	32.48259711265564	32.9825701713562	0.4999730587005615
until		33.0	0.5	32.9825701713562	33.482556104660034	0.499985933303833
they		33.5	0.5	33.482556104660034	33.98252820968628	0.4999721050262451
spotted		34.0	0.5	33.98252820968628	34.482532024383545	0.5000038146972656
a		34.5	0.5	34.482532024383545	34.982508182525635	0.49997615814208984
notice		35.0	0.5	34.982508182525635	35.482537031173706	0.5000288486480713
pinned		35.5	0.5	35.482537031173706	35.982511043548584	0.49997401237487793
up		36.0	0.5	35.982511043548584	36.482513189315796	0.5000021457672119
in		36.5	0.5	36.482513189315796	36.982521057128906	0.5000078678131104
the		37.0	0.5	36.982521057128906	37.48244309425354	0.4999220371246338
Gryffindor		37.5	0.5	37.48244309425354	37.982434034347534	0.49999094009399414
common		38.0	0.5	37.982434034347534	38.482415199279785	0.499981164932251
room		38.5	0.5	38.482415199279785	38.982407093048096	0.49999189376831055
that		39.0	0.5	38.982407093048096	39.48237609863281	0.4999690055847168
made		39.5	0.5	39.48237609863281	39.98236608505249	0.49998998641967773
them		40.0	0.5	39.98236608505249	40.48236107826233	0.49999499320983887
all		40.5	0.5	40.48236107826233	40.982346057891846	0.4999849796295166
groan.		41.0	0.5	40.982346057891846	41.482317209243774	0.4999711513519287
Flying		41.5	0.5	41.482317209243774	41.982304096221924	0.4999868869781494
lessons		42.0	0.5	41.982304096221924	42.48229718208313	0.49999308586120605
would		42.5	0.5	42.48229718208313	42.98228907585144	0.49999189376831055
be		43.0	0.5	42.98228907585144	43.482288122177124	0.4999990463256836
starting		43.5	0.5	43.482288122177124	43.98226809501648	0.49997997283935547
on		44.0	0.5	43.98226809501648	44.482253074645996	0.4999849796295166
Thursday		44.5	0.5	44.482253074645996	44.98224401473999	0.49999094009399414
—		45.0	0.5	44.98224401473999	45.48226714134216	0.5000231266021729
and		45.5	0.5	45.48226714134216	45.9822051525116	0.4999380111694336
Gryffindor		46.0	0.5	45.9822051525116	46.48219108581543	0.499985933303833
and		46.5	0.5	46.48219108581543	46.98218512535095	0.49999403953552246
Slytherin		47.0	0.5	46.98218512535095	47.48220205307007	0.5000169277191162
would		47.5	0.5	47.48220205307007	47.982150077819824	0.49994802474975586
be		48.0	0.5	47.982150077819824	48.482142210006714	0.49999213218688965
learning		48.5	0.5	48.482142210006714	48.98212122917175	0.49997901916503906
together.		49.0	0.5	48.98212122917175	49.48210120201111	0.49997997283935547
+		49.5	0.5	49.48210120201111	49.98208999633789	0.4999887943267822
"""Typical,"""		50.0	0.5	49.98208999633789	50.482081174850464	0.49999117851257324
said		50.5	0.5	50.482081174850464	50.98206806182861	0.4999868869781494
Harry		51.0	0.5	50.98206806182861	51.48205304145813	0.4999849796295166
darkly.		51.5	0.5	51.48205304145813	51.9820511341095	0.4999980926513672
"""Just"		52.0	0.5	51.9820511341095	52.48202919960022	0.49997806549072266
what		52.5	0.5	52.48202919960022	52.98201322555542	0.4999840259552002
I		53.0	0.5	52.98201322555542	53.48200702667236	0.49999380111694336
always		53.5	0.5	53.48200702667236	53.981993198394775	0.4999861717224121
wanted.		54.0	0.5	53.981993198394775	54.48196816444397	0.49997496604919434
To		54.5	0.5	54.48196816444397	54.981950998306274	0.4999828338623047
make		55.0	0.5	54.981950998306274	55.48198413848877	0.5000331401824951
a		55.5	0.5	55.48198413848877	55.98194122314453	0.4999570846557617
fool		56.0	0.5	55.98194122314453	56.4819610118866	0.5000197887420654
of		56.5	0.5	56.4819610118866	56.98233222961426	0.5003712177276611
myself		57.0	0.5	56.98233222961426	57.48242712020874	0.5000948905944824
on		57.5	0.5	57.48242712020874	57.9824161529541	0.49998903274536133
a		58.0	0.5	57.9824161529541	58.48229122161865	0.4998750686645508
broomstick		58.5	0.5	58.48229122161865	58.98211216926575	0.4998209476470947
in		59.0	0.5	58.98211216926575	59.481916189193726	0.4998040199279785
front		59.5	0.5	59.481916189193726	59.98229002952576	0.5003738403320312
of		60.0	0.5	59.98229002952576	60.482280015945435	0.49998998641967773
"Malfoy."""		60.5	0.5	60.482280015945435	60.982264041900635	0.4999840259552002
+		61.0	0.5	60.982264041900635	61.48224401473999	0.49997997283935547
He		61.5	0.5	61.48224401473999	61.982216119766235	0.4999721050262451
had		62.0	0.5	61.982216119766235	62.48222017288208	0.5000040531158447
been		62.5	0.5	62.48222017288208	62.98220705986023	0.4999868869781494
looking		63.0	0.5	62.98220705986023	63.482197999954224	0.49999094009399414
forward		63.5	0.5	63.482197999954224	63.98202109336853	0.49982309341430664
to		64.0	0.5	63.98202109336853	64.48187017440796	0.4998490810394287
learning		64.5	0.5	64.48187017440796	64.98171019554138	0.49984002113342285
to		65.0	0.5	64.98171019554138	65.48167014122009	0.49995994567871094
fly		65.5	0.5	65.48167014122009	65.98168921470642	0.5000190734863281
more		66.0	0.5	65.98168921470642	66.48167204856873	0.4999828338623047
than		66.5	0.5	66.48167204856873	66.98166799545288	0.4999959468841553
anything		67.0	0.5	66.98166799545288	67.4816460609436	0.49997806549072266
else.		67.5	0.5	67.4816460609436	67.98160815238953	0.49996209144592285
"""You"		68.0	0.5	67.98160815238953	68.48160004615784	0.49999189376831055
don't		68.5	0.5	68.48160004615784	68.98157405853271	0.49997401237487793
know		69.0	0.5	68.98157405853271	69.48156023025513	0.4999861717224121
that		69.5	0.5	69.48156023025513	69.98154306411743	0.4999828338623047
you'll		70.0	0.5	69.98154306411743	70.48153805732727	0.49999499320983887
make		70.5	0.5	70.48153805732727	70.98151421546936	0.49997615814208984
a		71.0	0.5	70.98151421546936	71.48152017593384	0.5000059604644775
fool		71.5	0.5	71.48152017593384	71.98149418830872	0.49997401237487793
of		72.0	0.5	71.98149418830872	72.48149013519287	0.4999959468841553
"yourself,"""		72.5	0.5	72.48149013519287	72.98147106170654	0.4999809265136719
said		73.0	0.5	72.98147106170654	73.4814522266388	0.499981164932251
Ron		73.5	0.5	73.4814522266388	73.98145508766174	0.5000028610229492
reasonably.		74.0	0.5	73.98145508766174	74.48143815994263	0.4999830722808838
"""Anyway,"		74.5	0.5	74.48143815994263	74.98142409324646	0.499985933303833
I		75.0	0.5	74.98142409324646	75.48141622543335	0.49999213218688965
know		75.5	0.5	75.48141622543335	75.98138117790222	0.49996495246887207
Malfoy's		76.0	0.5	75.98138117790222	76.48137712478638	0.4999959468841553
always		76.5	0.5	76.48137712478638	76.98136901855469	0.49999189376831055
going		77.0	0.5	76.98136901855469	77.48134303092957	0.49997401237487793
on		77.5	0.5	77.48134303092957	77.98134803771973	0.5000050067901611
about		78.0	0.5	77.98134803771973	78.4813621044159	0.500014066696167
how		78.5	0.5	78.4813621044159	78.9813060760498	0.49994397163391113
good		79.0	0.5	78.9813060760498	79.48127508163452	0.4999690055847168
he		79.5	0.5	79.48127508163452	79.9812650680542	0.49998998641967773
is		80.0	0.5	79.9812650680542	80.48125219345093	0.4999871253967285
at		80.5	0.5	80.48125219345093	80.98125910758972	0.500006914138794
Quidditch,		81.0	0.5	80.98125910758972	81.4812262058258	0.499967098236084
but		81.5	0.5	81.4812262058258	81.98121500015259	0.4999887943267822
I		82.0	0.5	81.98121500015259	82.48121619224548	0.5000011920928955
bet		82.5	0.5	82.48121619224548	82.98119115829468	0.49997496604919434
that's		83.0	0.5	82.98119115829468	83.48121309280396	0.5000219345092773
all		83.5	0.5	83.48121309280396	83.98120903968811	0.4999959468841553
"talk."""		84.0	0.5	83.98120903968811	84.48120713233948	0.4999980926513672
+		84.5	0.5	84.48120713233948	84.9811851978302	0.49997806549072266
Malfoy		85.0	0.5	84.9811851978302	85.4811601638794	0.49997496604919434
certainly		85.5	0.5	85.4811601638794	85.98116421699524	0.5000040531158447
did		86.0	0.5	85.98116421699524	86.48112320899963	0.49995899200439453
talk		86.5	0.5	86.48112320899963	86.98113107681274	0.5000078678131104
about		87.0	0.5	86.98113107681274	87.4811201095581	0.49998903274536133
flying		87.5	0.5	87.4811201095581	87.98105001449585	0.49992990493774414
a		88.0	0.5	87.98105001449585	88.48103404045105	0.4999840259552002
lot.		88.5	0.5	88.48103404045105	88.98113918304443	0.5001051425933838
He		89.0	0.5	88.98113918304443	89.48101615905762	0.4998769760131836
complained		89.5	0.5	89.48101615905762	89.9809992313385	0.4999830722808838
loudly		90.0	0.5	89.9809992313385	90.48098111152649	0.4999818801879883
about		90.5	0.5	90.48098111152649	90.9810311794281	0.5000500679016113
first		91.0	0.5	90.9810311794281	91.48094701766968	0.49991583824157715
years		91.5	0.5	91.48094701766968	91.98093605041504	0.49998903274536133
never		92.0	0.5	91.98093605041504	92.48094820976257	0.5000121593475342
getting		92.5	0.5	92.48094820976257	92.98091220855713	0.49996399879455566
on		93.0	0.5	92.98091220855713	93.48089909553528	0.4999868869781494
the		93.5	0.5	93.48089909553528	93.98088502883911	0.499985933303833
House		94.0	0.5	93.98088502883911	94.480886220932	0.5000011920928955
Quidditch		94.5	0.5	94.480886220932	94.98085117340088	0.49996495246887207
teams		95.0	0.5	94.98085117340088	95.48085618019104	0.5000050067901611
and		95.5	0.5	95.48085618019104	95.98082113265991	0.49996495246887207
told		96.0	0.5	95.98082113265991	96.48082613945007	0.5000050067901611
long,		96.5	0.5	96.48082613945007	96.98082304000854	0.4999969005584717
boastful		97.0	0.5	96.98082304000854	97.48084115982056	0.5000181198120117
stories		97.5	0.5	97.48084115982056	97.98078107833862	0.4999399185180664
that		98.0	0.5	97.98078107833862	98.48077011108398	0.49998903274536133
always		98.5	0.5	98.48077011108398	98.98074913024902	0.49997901916503906
seemed		99.0	0.5	98.98074913024902	99.48073315620422	0.4999840259552002
to		99.5	0.5	99.48073315620422	99.98071813583374	0.4999849796295166
end		100.0	0.5	99.98071813583374	100.48071718215942	0.4999990463256836
with		100.5	0.5	100.48071718215942	100.98069405555725	0.49997687339782715
him		101.0	0.5	100.98069405555725	101.4806900024414	0.4999959468841553
narrowly		101.5	0.5	101.4806900024414	101.98067903518677	0.49998903274536133
escaping		102.0	0.5	101.98067903518677	102.48066806793213	0.49998903274536133
Muggles		102.5	0.5	102.48066806793213	102.9806489944458	0.4999809265136719
in		103.0	0.5	102.9806489944458	103.48064112663269	0.49999213218688965
helicopters.		103.5	0.5	103.48064112663269	103.98063802719116	0.4999969005584717
He		104.0	0.5	103.98063802719116	104.48060202598572	0.49996399879455566
wasn't		104.5	0.5	104.48060202598572	104.98060512542725	0.5000030994415283
the		105.0	0.5	104.98060512542725	105.48056721687317	0.49996209144592285
only		105.5	0.5	105.48056721687317	105.9805600643158	0.49999284744262695
one,		106.0	0.5	105.9805600643158	106.48054909706116	0.49998903274536133
though:		106.5	0.5	106.48054909706116	106.9805200099945	0.4999709129333496
the		107.0	0.5	106.9805200099945	107.48080015182495	0.5002801418304443
way		107.5	0.5	107.48080015182495	107.98102116584778	0.5002210140228271
Seamus		108.0	0.5	107.98102116584778	108.48100304603577	0.4999818801879883
Finnigan		108.5	0.5	108.48100304603577	108.98095417022705	0.4999511241912842
told		109.0	0.5	108.98095417022705	109.48077917098999	0.49982500076293945
it,		109.5	0.5	109.48077917098999	109.98059701919556	0.4998178482055664
he'd		110.0	0.5	109.98059701919556	110.48093605041504	0.5003390312194824
spent		110.5	0.5	110.48093605041504	110.98089003562927	0.4999539852142334
most		111.0	0.5	110.98089003562927	111.48086404800415	0.49997401237487793
of		111.5	0.5	111.48086404800415	111.98085904121399	0.49999499320983887
his		112.0	0.5	111.98085904121399	112.48082709312439	0.4999680519104004
childhood		112.5	0.5	112.48082709312439	112.9808440208435	0.5000169277191162
zooming		113.0	0.5	112.9808440208435	113.48080110549927	0.4999570846557617
around		113.5	0.5	113.48080110549927	113.9808280467987	0.5000269412994385
the		114.0	0.5	113.9808280467987	114.48069405555725	0.4998660087585449
countryside		114.5	0.5	114.48069405555725	114.98049211502075	0.499798059463501
on		115.0	0.5	114.98049211502075	115.48032712936401	0.4998350143432617
his		115.5	0.5	115.48032712936401	115.98028516769409	0.4999580383300781
broomstick.		116.0	0.5	115.98028516769409	116.48027205467224	0.4999868869781494
Even		116.5	0.5	116.48027205467224	116.98026204109192	0.49998998641967773
Ron		117.0	0.5	116.98026204109192	117.48024106025696	0.49997901916503906
would		117.5	0.5	117.48024106025696	117.98023009300232	0.49998903274536133
tell		118.0	0.5	117.98023009300232	118.48022413253784	0.49999403953552246
anyone		118.5	0.5	118.48022413253784	118.9802041053772	0.49997997283935547
who'd		119.0	0.5	118.9802041053772	119.48019409179688	0.49998998641967773
listen		119.5	0.5	119.48019409179688	119.98018312454224	0.49998903274536133
about		120.0	0.5	119.98018312454224	120.48015403747559	0.4999709129333496
the		120.5	0.5	120.48015403747559	120.98015403747559	0.5
time		121.0	0.5	120.98015403747559	121.4801230430603	0.4999690055847168
he'd		121.5	0.5	121.4801230430603	121.98012518882751	0.5000021457672119
almost		122.0	0.5	121.98012518882751	122.4800910949707	0.4999659061431885
hit		122.5	0.5	122.4800910949707	122.9800910949707	0.5
a		123.0	0.5	122.9800910949707	123.48009419441223	0.5000030994415283
hang		123.5	0.5	123.48009419441223	123.98006415367126	0.4999699592590332
glider		124.0	0.5	123.98006415367126	124.48004508018494	0.4999809265136719
on		124.5	0.5	124.48004508018494	124.98004412651062	0.4999990463256836
Charlie's		125.0	0.5	124.98004412651062	125.48002505302429	0.4999809265136719
old		125.5	0.5	125.48002505302429	125.98001408576965	0.49998903274536133
broom.		126.0	0.5	125.98001408576965	126.48000907897949	0.49999499320983887
Everyone		126.5	0.5	126.48000907897949	126.97999620437622	0.4999871253967285
from		127.0	0.5	126.97999620437622	127.47998309135437	0.4999868869781494
wizarding		127.5	0.5	127.47998309135437	127.97996020317078	0.49997711181640625
families		128.0	0.5	127.97996020317078	128.47993922233582	0.49997901916503906
talked		128.5	0.5	128.47993922233582	128.9799292087555	0.49998998641967773
about		129.0	0.5	128.9799292087555	129.47991609573364	0.4999868869781494
Quidditch		129.5	0.5	129.47991609573364	129.9799301624298	0.500014066696167
constantly.		130.0	0.5	129.9799301624298	130.47989201545715	0.49996185302734375
Ron		130.5	0.5	130.47989201545715	130.97986507415771	0.4999730587005615
had		131.0	0.5	130.97986507415771	131.4798550605774	0.49998998641967773
already		131.5	0.5	131.4798550605774	131.97985005378723	0.49999499320983887
had		132.0	0.5	131.97985005378723	132.47983121871948	0.499981164932251
a		132.5	0.5	132.47983121871948	132.97981715202332	0.499985933303833
big		133.0	0.5	132.97981715202332	133.47983312606812	0.5000159740447998
argument		133.5	0.5	133.47983312606812	133.97978806495667	0.4999549388885498
with		134.0	0.5	133.97978806495667	134.47977709770203	0.49998903274536133
Dean		134.5	0.5	134.47977709770203	134.9797670841217	0.49998998641967773
Thomas,		135.0	0.5	134.9797670841217	135.47974801063538	0.4999809265136719
who		135.5	0.5	135.47974801063538	135.97972416877747	0.49997615814208984
shared		136.0	0.5	135.97972416877747	136.47974109649658	0.5000169277191162
their		136.5	0.5	136.47974109649658	136.97969102859497	0.49994993209838867
dormitory,		137.0	0.5	136.97969102859497	137.47969818115234	0.500007152557373
about		137.5	0.5	137.47969818115234	137.97970700263977	0.5000088214874268
soccer.		138.0	0.5	137.97970700263977	138.47967100143433	0.49996399879455566
Ron		138.5	0.5	138.47967100143433	138.97964906692505	0.49997806549072266
couldn't		139.0	0.5	138.97964906692505	139.47963309288025	0.4999840259552002
see		139.5	0.5	139.47963309288025	139.9796280860901	0.49999499320983887
what		140.0	0.5	139.9796280860901	140.4796051979065	0.49997711181640625
was		140.5	0.5	140.4796051979065	140.97959518432617	0.49998998641967773
exciting		141.0	0.5	140.97959518432617	141.47960805892944	0.5000128746032715
about		141.5	0.5	141.47960805892944	141.9796040058136	0.4999959468841553
a		142.0	0.5	141.9796040058136	142.4795892238617	0.4999852180480957
game		142.5	0.5	142.4795892238617	142.9796051979065	0.5000159740447998
with		143.0	0.5	142.9796051979065	143.47956109046936	0.4999558925628662
only		143.5	0.5	143.47956109046936	143.97955203056335	0.49999094009399414
one		144.0	0.5	143.97955203056335	144.47954511642456	0.49999308586120605
ball		144.5	0.5	144.47954511642456	144.9795150756836	0.4999699592590332
where		145.0	0.5	144.9795150756836	145.47950506210327	0.49998998641967773
no		145.5	0.5	145.47950506210327	145.9795060157776	0.5000009536743164
one		146.0	0.5	145.9795060157776	146.479483127594	0.49997711181640625
was		146.5	0.5	146.479483127594	146.97944116592407	0.4999580383300781
allowed		147.0	0.5	146.97944116592407	147.47940707206726	0.4999659061431885
to		147.5	0.5	147.47940707206726	147.97941422462463	0.500007152557373
fly.		148.0	0.5	147.97941422462463	148.4794361591339	0.5000219345092773
Harry		148.5	0.5	148.4794361591339	148.97936916351318	0.49993300437927246
had		149.0	0.5	148.97936916351318	149.4793860912323	0.5000169277191162
caught		149.5	0.5	149.4793860912323	149.97945308685303	0.5000669956207275
Ron		150.0	0.5	149.97945308685303	150.47933411598206	0.4998810291290283
prodding		150.5	0.5	150.47933411598206	150.97932314872742	0.49998903274536133
Dean's		151.0	0.5	150.97932314872742	151.47931599617004	0.49999284744262695
poster		151.5	0.5	151.47931599617004	151.97927904129028	0.49996304512023926
of		152.0	0.5	151.97927904129028	152.4792811870575	0.5000021457672119
West		152.5	0.5	152.4792811870575	152.9792811870575	0.5
Ham		153.0	0.5	152.9792811870575	153.47925209999084	0.4999709129333496
soccer		153.5	0.5	153.47925209999084	153.9792411327362	0.49998903274536133
team,		154.0	0.5	153.9792411327362	154.4792230129242	0.4999818801879883
trying		154.5	0.5	154.4792230129242	154.9792070388794	0.4999840259552002
to		155.0	0.5	154.9792070388794	155.47919821739197	0.49999117851257324
make		155.5	0.5	155.47919821739197	155.97920107841492	0.5000028610229492
the		156.0	0.5	155.97920107841492	156.4791750907898	0.49997401237487793
players		156.5	0.5	156.4791750907898	156.97915720939636	0.4999821186065674
move.		157.0	0.5	156.97915720939636	157.4791510105133	0.49999380111694336
+		157.5	0.5	157.4791510105133	157.97928619384766	0.5001351833343506
Neville		158.0	0.5	157.97928619384766	158.47962617874146	0.5003399848937988
had		158.5	0.5	158.47962617874146	158.97953414916992	0.4999079704284668
never		159.0	0.5	158.97953414916992	159.4795961380005	0.5000619888305664
been		159.5	0.5	159.4795961380005	159.9794430732727	0.4998469352722168
on		160.0	0.5	159.9794430732727	160.47925305366516	0.49980998039245605
a		160.5	0.5	160.47925305366516	160.97936916351318	0.5001161098480225
broomstick		161.0	0.5	160.97936916351318	161.4794900417328	0.5001208782196045
in		161.5	0.5	161.4794900417328	161.979474067688	0.4999840259552002
his		162.0	0.5	161.979474067688	162.4794840812683	0.5000100135803223
life,		162.5	0.5	162.4794840812683	162.97948908805847	0.5000050067901611
because		163.0	0.5	162.97948908805847	163.47944521903992	0.4999561309814453
his		163.5	0.5	163.47944521903992	163.9794340133667	0.4999887943267822
grandmother		164.0	0.5	163.9794340133667	164.47938203811646	0.49994802474975586
had		164.5	0.5	164.47938203811646	164.97933411598206	0.4999520778656006
never		165.0	0.5	164.97933411598206	165.47915410995483	0.4998199939727783
let		165.5	0.5	165.47915410995483	165.97896814346313	0.4998140335083008
him		166.0	0.5	165.97896814346313	166.47888612747192	0.49991798400878906
near		166.5	0.5	166.47888612747192	166.97888708114624	0.5000009536743164
one.		167.0	0.5	166.97888708114624	167.4788680076599	0.4999809265136719
Privately,		167.5	0.5	167.4788680076599	167.97884321212769	0.49997520446777344
Harry		168.0	0.5	167.97884321212769	168.47883200645447	0.4999887943267822
felt		168.5	0.5	168.47883200645447	168.978844165802	0.5000121593475342
she'd		169.0	0.5	168.978844165802	169.47882509231567	0.4999809265136719
had		169.5	0.5	169.47882509231567	169.9788031578064	0.49997806549072266
good		170.0	0.5	169.9788031578064	170.4788200855255	0.5000169277191162
reason,		170.5	0.5	170.4788200855255	170.97877717018127	0.4999570846557617
because		171.0	0.5	170.97877717018127	171.47875213623047	0.49997496604919434
Neville		171.5	0.5	171.47875213623047	171.9787302017212	0.49997806549072266
managed		172.0	0.5	171.9787302017212	172.47875022888184	0.5000200271606445
to		172.5	0.5	172.47875022888184	172.97872400283813	0.49997377395629883
have		173.0	0.5	172.97872400283813	173.47869300842285	0.4999690055847168
an		173.5	0.5	173.47869300842285	173.97870302200317	0.5000100135803223
extraordinary		174.0	0.5	173.97870302200317	174.47866821289062	0.49996519088745117
number		174.5	0.5	174.47866821289062	174.97865200042725	0.4999837875366211
of		175.0	0.5	174.97865200042725	175.47866010665894	0.5000081062316895
accidents		175.5	0.5	175.47866010665894	175.97863602638245	0.49997591972351074
even		176.0	0.5	175.97863602638245	176.478618144989	0.4999821186065674
with		176.5	0.5	176.478618144989	176.97859120368958	0.4999730587005615
both		177.0	0.5	176.97859120368958	177.47858214378357	0.49999094009399414
feet		177.5	0.5	177.47858214378357	177.9785671234131	0.4999849796295166
on		178.0	0.5	177.9785671234131	178.47856211662292	0.49999499320983887
the		178.5	0.5	178.47856211662292	178.97853708267212	0.49997496604919434
ground.		179.0	0.5	178.97853708267212	179.47854208946228	0.5000050067901611
+		179.5	0.5	179.47854208946228	179.97853112220764	0.49998903274536133
Hermione		180.0	0.5	179.97853112220764	180.47851514816284	0.4999840259552002
Granger		180.5	0.5	180.47851514816284	180.97848510742188	0.4999699592590332
was		181.0	0.5	180.97848510742188	181.47847509384155	0.49998998641967773
almost		181.5	0.5	181.47847509384155	181.97847700119019	0.5000019073486328
as		182.0	0.5	181.97847700119019	182.4784541130066	0.49997711181640625
nervous		182.5	0.5	182.4784541130066	182.97845220565796	0.4999980926513672
about		183.0	0.5	182.97845220565796	183.47843718528748	0.4999849796295166
flying		183.5	0.5	183.47843718528748	183.97841620445251	0.49997901916503906
as		184.0	0.5	183.97841620445251	184.47839617729187	0.49997997283935547
Neville		184.5	0.5	184.47839617729187	184.97833013534546	0.49993395805358887
was.		185.0	0.5	184.97833013534546	185.47836804389954	0.5000379085540771
This		185.5	0.5	185.47836804389954	185.97836709022522	0.4999990463256836
was		186.0	0.5	185.97836709022522	186.4783320426941	0.49996495246887207
something		186.5	0.5	186.4783320426941	186.97832608222961	0.49999403953552246
you		187.0	0.5	186.97832608222961	187.47831320762634	0.4999871253967285
couldn't		187.5	0.5	187.47831320762634	187.97831320762634	0.5
learn		188.0	0.5	187.97831320762634	188.47829413414001	0.4999809265136719
by		188.5	0.5	188.47829413414001	188.97827911376953	0.4999849796295166
heart		189.0	0.5	188.97827911376953	189.47824621200562	0.499967098236084
out		189.5	0.5	189.47824621200562	189.9782271385193	0.4999809265136719
of		190.0	0.5	189.9782271385193	190.47822523117065	0.4999980926513672
a		190.5	0.5	190.47822523117065	190.97821021080017	0.4999849796295166
book		191.0	0.5	190.97821021080017	191.47819304466248	0.4999828338623047
—		191.5	0.5	191.47819304466248	191.97819209098816	0.4999990463256836
not		192.0	0.5	191.97819209098816	192.47817420959473	0.4999821186065674
that		192.5	0.5	192.47817420959473	192.9781620502472	0.4999878406524658
she		193.0	0.5	192.9781620502472	193.47817516326904	0.5000131130218506
hadn't		193.5	0.5	193.47817516326904	193.97813606262207	0.49996089935302734
tried.		194.0	0.5	193.97813606262207	194.47811102867126	0.49997496604919434
At		194.5	0.5	194.47811102867126	194.97812700271606	0.5000159740447998
breakfast		195.0	0.5	194.97812700271606	195.47809600830078	0.4999690055847168
on		195.5	0.5	195.47809600830078	195.97807908058167	0.4999830722808838
Thursday		196.0	0.5	195.97807908058167	196.47806906700134	0.49998998641967773
she		196.5	0.5	196.47806906700134	196.97805404663086	0.4999849796295166
bored		197.0	0.5	196.97805404663086	197.4780352115631	0.499981164932251
them		197.5	0.5	197.4780352115631	197.97827911376953	0.5002439022064209
all		198.0	0.5	197.97827911376953	198.4780261516571	0.49974703788757324
stupid		198.5	0.5	198.4780261516571	198.9779920578003	0.4999659061431885
with		199.0	0.5	198.9779920578003	199.47797417640686	0.4999821186065674
flying		199.5	0.5	199.47797417640686	199.97798800468445	0.5000138282775879
tips		200.0	0.5	199.97798800468445	200.47798705101013	0.4999990463256836
she'd		200.5	0.5	200.47798705101013	200.9779601097107	0.4999730587005615
gotten		201.0	0.5	200.9779601097107	201.47795414924622	0.49999403953552246
out		201.5	0.5	201.47795414924622	201.977863073349	0.4999089241027832
of		202.0	0.5	201.977863073349	202.47790122032166	0.5000381469726562
a		202.5	0.5	202.47790122032166	202.97793221473694	0.5000309944152832
library		203.0	0.5	202.97793221473694	203.4779291152954	0.4999969005584717
book		203.5	0.5	203.4779291152954	203.97790718078613	0.49997806549072266
called		204.0	0.5	203.97790718078613	204.47787809371948	0.4999709129333496
Quidditch	italic	204.5	0.5	204.47787809371948	204.97790813446045	0.5000300407409668
Through	italic	205.0	0.5	204.97790813446045	205.47780323028564	0.4998950958251953
the	italic	205.5	0.5	205.47780323028564	205.97779822349548	0.49999499320983887
Ages.	italic	206.0	0.5	205.97779822349548	206.47777605056763	0.49997782707214355
Neville		206.5	0.5	206.47777605056763	206.97775602340698	0.49997997283935547
was		207.0	0.5	206.97775602340698	207.47786903381348	0.5001130104064941
hanging		207.5	0.5	207.47786903381348	207.9777750968933	0.499906063079834
on		208.0	0.5	207.9777750968933	208.47788500785828	0.5001099109649658
to		208.5	0.5	208.47788500785828	208.97820115089417	0.5003161430358887
her		209.0	0.5	208.97820115089417	209.47822308540344	0.5000219345092773
every		209.5	0.5	209.47822308540344	209.97820615768433	0.4999830722808838
word,		210.0	0.5	209.97820615768433	210.47808814048767	0.4998819828033447
desperate		210.5	0.5	210.47808814048767	210.97792720794678	0.49983906745910645
for		211.0	0.5	210.97792720794678	211.4777271747589	0.4997999668121338
anything		211.5	0.5	211.4777271747589	211.97809314727783	0.5003659725189209
that		212.0	0.5	211.97809314727783	212.4780831336975	0.49998998641967773
might		212.5	0.5	212.4780831336975	212.97807002067566	0.4999868869781494
help		213.0	0.5	212.97807002067566	213.4780571460724	0.4999871253967285
him		213.5	0.5	213.4780571460724	213.97806215286255	0.5000050067901611
hang		214.0	0.5	213.97806215286255	214.4780411720276	0.49997901916503906
on		214.5	0.5	214.4780411720276	214.97800517082214	0.49996399879455566
to		215.0	0.5	214.97800517082214	215.47800016403198	0.49999499320983887
his		215.5	0.5	215.47800016403198	215.977774143219	0.4997739791870117
broomstick		216.0	0.5	215.977774143219	216.47764110565186	0.49986696243286133
later,		216.5	0.5	216.47764110565186	216.97749209403992	0.4998509883880615
but		217.0	0.5	216.97749209403992	217.4774730205536	0.4999809265136719
everybody		217.5	0.5	217.4774730205536	217.977459192276	0.4999861717224121
else		218.0	0.5	217.977459192276	218.47744512557983	0.499985933303833
was		218.5	0.5	218.47744512557983	218.9774260520935	0.4999809265136719
very		219.0	0.5	218.9774260520935	219.47769212722778	0.5002660751342773
pleased		219.5	0.5	219.47769212722778	219.97741317749023	0.49972105026245117
when		220.0	0.5	219.97741317749023	220.47740507125854	0.49999189376831055
Hermione's		220.5	0.5	220.47740507125854	220.97739815711975	0.49999308586120605
lecture		221.0	0.5	220.97739815711975	221.47740721702576	0.5000090599060059
was		221.5	0.5	221.47740721702576	221.97737216949463	0.49996495246887207
interrupted		222.0	0.5	221.97737216949463	222.4773440361023	0.499971866607666
by		222.5	0.5	222.4773440361023	222.97733116149902	0.4999871253967285
the		223.0	0.5	222.97733116149902	223.47731614112854	0.4999849796295166
arrival		223.5	0.5	223.47731614112854	223.9773190021515	0.5000028610229492
of		224.0	0.5	223.9773190021515	224.477313041687	0.49999403953552246
the		224.5	0.5	224.477313041687	224.97726106643677	0.49994802474975586
mail.		225.0	0.5	224.97726106643677	225.4772651195526	0.5000040531158447
+		225.5	0.5	225.4772651195526	225.97723603248596	0.4999709129333496
Harry		226.0	0.5	225.97723603248596	226.47724604606628	0.5000100135803223
hadn't		226.5	0.5	226.47724604606628	226.97721409797668	0.4999680519104004
had		227.0	0.5	226.97721409797668	227.47722220420837	0.5000081062316895
a		227.5	0.5	227.47722220420837	227.97717714309692	0.4999549388885498
single		228.0	0.5	227.97717714309692	228.4771740436554	0.4999969005584717
letter		228.5	0.5	228.4771740436554	228.97716307640076	0.49998903274536133
since		229.0	0.5	228.97716307640076	229.4771430492401	0.49997997283935547
Hagrid's		229.5	0.5	229.4771430492401	229.97713422775269	0.49999117851257324
note,		230.0	0.5	229.97713422775269	230.47712016105652	0.499985933303833
something		230.5	0.5	230.47712016105652	230.9771180152893	0.4999978542327881
that		231.0	0.5	230.9771180152893	231.47709107398987	0.4999730587005615
Malfoy		231.5	0.5	231.47709107398987	231.97707319259644	0.4999821186065674
had		232.0	0.5	231.97707319259644	232.47705721855164	0.4999840259552002
been		232.5	0.5	232.47705721855164	232.97704315185547	0.499985933303833
quick		233.0	0.5	232.97704315185547	233.4770472049713	0.5000040531158447
to		233.5	0.5	233.4770472049713	233.97707605361938	0.5000288486480713
notice,		234.0	0.5	233.97707605361938	234.4770312309265	0.4999551773071289
of		234.5	0.5	234.4770312309265	234.97699809074402	0.4999668598175049
course.		235.0	0.5	234.97699809074402	235.4769902229309	0.49999213218688965
Malfoy's		235.5	0.5	235.4769902229309	235.97697806358337	0.4999878406524658
eagle		236.0	0.5	235.97697806358337	236.47694206237793	0.49996399879455566
owl		236.5	0.5	236.47694206237793	236.97693800926208	0.4999959468841553
was		237.0	0.5	236.97693800926208	237.47691106796265	0.4999730587005615
always		237.5	0.5	237.47691106796265	237.9769241809845	0.5000131130218506
bringing		238.0	0.5	237.9769241809845	238.47688817977905	0.49996399879455566
him		238.5	0.5	238.47688817977905	238.9768841266632	0.4999959468841553
packages		239.0	0.5	238.9768841266632	239.47686409950256	0.49997997283935547
of		239.5	0.5	239.47686409950256	239.97685718536377	0.49999308586120605
sweets		240.0	0.5	239.97685718536377	240.47686004638672	0.5000028610229492
from		240.5	0.5	240.47686004638672	240.97707509994507	0.5002150535583496
home,		241.0	0.5	240.97707509994507	241.47681617736816	0.4997410774230957
which		241.5	0.5	241.47681617736816	241.976793050766	0.49997687339782715
he		242.0	0.5	241.976793050766	242.47678208351135	0.49998903274536133
opened		242.5	0.5	242.47678208351135	242.97677612304688	0.49999403953552246
gloatingly		243.0	0.5	242.97677612304688	243.4767701625824	0.49999403953552246
at		243.5	0.5	243.4767701625824	243.97674012184143	0.4999699592590332
the		244.0	0.5	243.97674012184143	244.4767451286316	0.5000050067901611
Slytherin		244.5	0.5	244.4767451286316	244.97671222686768	0.499967098236084
table.		245.0	0.5	244.97671222686768	245.47670602798462	0.49999380111694336
+		245.5	0.5	245.47670602798462	245.97669506072998	0.49998903274536133
A		246.0	0.5	245.97669506072998	246.47667407989502	0.49997901916503906
barn		246.5	0.5	246.47667407989502	246.97667002677917	0.4999959468841553
owl		247.0	0.5	246.97667002677917	247.47666001319885	0.49998998641967773
brought		247.5	0.5	247.47666001319885	247.97663807868958	0.49997806549072266
Neville		248.0	0.5	247.97663807868958	248.47658801078796	0.49994993209838867
a		248.5	0.5	248.47658801078796	248.97663712501526	0.5000491142272949
small		249.0	0.5	248.97663712501526	249.47661018371582	0.4999730587005615
package		249.5	0.5	249.47661018371582	249.97650909423828	0.49989891052246094
from		250.0	0.5	249.97650909423828	250.47656917572021	0.5000600814819336
his		250.5	0.5	250.47656917572021	250.97657203674316	0.5000028610229492
grandmother.		251.0	0.5	250.97657203674316	251.47653913497925	0.499967098236084
He		251.5	0.5	251.47653913497925	251.9765181541443	0.49997901916503906
opened		252.0	0.5	251.9765181541443	252.4765121936798	0.49999403953552246
it		252.5	0.5	252.4765121936798	252.97649216651917	0.49997997283935547
excitedly		253.0	0.5	252.97649216651917	253.47652220726013	0.5000300407409668
and		253.5	0.5	253.47652220726013	253.97646808624268	0.49994587898254395
showed		254.0	0.5	253.97646808624268	254.47646522521973	0.4999971389770508
them		254.5	0.5	254.47646522521973	254.97644305229187	0.49997782707214355
a		255.0	0.5	254.97644305229187	255.47641706466675	0.49997401237487793
glass		255.5	0.5	255.47641706466675	255.97641515731812	0.4999980926513672
ball		256.0	0.5	255.97641515731812	256.4764060974121	0.49999094009399414
the		256.5	0.5	256.4764060974121	256.9763870239258	0.4999809265136719
size		257.0	0.5	256.9763870239258	257.4763720035553	0.4999849796295166
of		257.5	0.5	257.4763720035553	257.9763751029968	0.5000030994415283
a		258.0	0.5	257.9763751029968	258.47636914253235	0.49999403953552246
large		258.5	0.5	258.47636914253235	258.9763391017914	0.4999699592590332
marble,		259.0	0.5	258.9763391017914	259.4766170978546	0.5002779960632324
which		259.5	0.5	259.4766170978546	259.9768331050873	0.500216007232666
seemed		260.0	0.5	259.9768331050873	260.4767861366272	0.499953031539917
to		260.5	0.5	260.4767861366272	260.9767391681671	0.499953031539917
be		261.0	0.5	260.9767391681671	261.47657108306885	0.4998319149017334
full		261.5	0.5	261.47657108306885	261.97638607025146	0.4998149871826172
of		262.0	0.5	261.97638607025146	262.47669315338135	0.5003070831298828
white		262.5	0.5	262.47669315338135	262.9766821861267	0.49998903274536133
smoke.		263.0	0.5	262.9766821861267	263.476665019989	0.4999828338623047
+		263.5	0.5	263.476665019989	263.97666001319885	0.49999499320983887
"""It's"		264.0	0.5	263.97666001319885	264.4766700267792	0.5000100135803223
a		264.5	0.5	264.4766700267792	264.9766900539398	0.5000200271606445
"Remembrall!"""		265.0	0.5	264.9766900539398	265.4766511917114	0.49996113777160645
he		265.5	0.5	265.4766511917114	265.97667813301086	0.5000269412994385
explained.		266.0	0.5	265.97667813301086	266.47652316093445	0.499845027923584
"""Gran"		266.5	0.5	266.47652316093445	266.97631907463074	0.49979591369628906
knows		267.0	0.5	266.97631907463074	267.47624707221985	0.49992799758911133
I		267.5	0.5	267.47624707221985	267.9760820865631	0.4998350143432617
forget		268.0	0.5	267.9760820865631	268.47607421875	0.49999213218688965
things		268.5	0.5	268.47607421875	268.97605419158936	0.49997997283935547
—		269.0	0.5	268.97605419158936	269.476026058197	0.499971866607666
this		269.5	0.5	269.476026058197	269.97601222991943	0.4999861717224121
tells		270.0	0.5	269.97601222991943	270.4760100841522	0.4999978542327881
you		270.5	0.5	270.4760100841522	270.9760022163391	0.49999213218688965
if		271.0	0.5	270.9760022163391	271.47598910331726	0.4999868869781494
there's		271.5	0.5	271.47598910331726	271.9759612083435	0.4999721050262451
something		272.0	0.5	271.9759612083435	272.4759531021118	0.49999189376831055
you've		272.5	0.5	272.4759531021118	272.9759612083435	0.5000081062316895
forgotten		273.0	0.5	272.9759612083435	273.47592210769653	0.49996089935302734
to		273.5	0.5	273.47592210769653	273.9759180545807	0.4999959468841553
do.		274.0	0.5	273.9759180545807	274.47589802742004	0.49997997283935547
Look,		274.5	0.5	274.47589802742004	274.9758880138397	0.49998998641967773
you		275.0	0.5	274.9758880138397	275.4758780002594	0.49998998641967773
hold		275.5	0.5	275.4758780002594	275.9758620262146	0.4999840259552002
it		276.0	0.5	275.9758620262146	276.475848197937	0.4999861717224121
tight		276.5	0.5	276.475848197937	276.9758310317993	0.4999828338623047
like		277.0	0.5	276.9758310317993	277.47581720352173	0.4999861717224121
this		277.5	0.5	277.47581720352173	277.97580218315125	0.4999849796295166
and		278.0	0.5	277.97580218315125	278.4757890701294	0.4999868869781494
if		278.5	0.5	278.4757890701294	278.9757721424103	0.4999830722808838
it		279.0	0.5	278.9757721424103	279.4757661819458	0.49999403953552246
turns		279.5	0.5	279.4757661819458	279.9757471084595	0.4999809265136719
red		280.0	0.5	279.9757471084595	280.4757330417633	0.499985933303833
—		280.5	0.5	280.4757330417633	280.975732088089	0.4999990463256836
oh		281.0	0.5	280.975732088089	281.47570514678955	0.4999730587005615
"..."""		281.5	0.5	281.47570514678955	281.975702047348	0.4999969005584717
His		282.0	0.5	281.975702047348	282.4756841659546	0.4999821186065674
face		282.5	0.5	282.4756841659546	282.9756591320038	0.49997496604919434
fell,		283.0	0.5	282.9756591320038	283.47563910484314	0.49997997283935547
because		283.5	0.5	283.47563910484314	283.97564601898193	0.500006914138794
the		284.0	0.5	283.97564601898193	284.47563314437866	0.4999871253967285
Remembrall		284.5	0.5	284.47563314437866	284.97561717033386	0.4999840259552002
had		285.0	0.5	284.97561717033386	285.47559213638306	0.49997496604919434
suddenly		285.5	0.5	285.47559213638306	285.9755880832672	0.4999959468841553
glowed		286.0	0.5	285.9755880832672	286.4755630493164	0.49997496604919434
scarlet,		286.5	0.5	286.4755630493164	286.975554227829	0.49999117851257324
"""..."		287.0	0.5	286.975554227829	287.4755392074585	0.4999849796295166
you've		287.5	0.5	287.4755392074585	287.9755301475525	0.49999094009399414
forgotten		288.0	0.5	287.9755301475525	288.47551822662354	0.4999880790710449
something		288.5	0.5	288.47551822662354	288.9754900932312	0.499971866607666
"..."""		289.0	0.5	288.9754900932312	289.4754731655121	0.4999830722808838
+		289.5	0.5	289.4754731655121	289.9754910469055	0.5000178813934326
Neville		290.0	0.5	289.9754910469055	290.4754559993744	0.49996495246887207
was		290.5	0.5	290.4754559993744	290.9754500389099	0.49999403953552246
trying		291.0	0.5	290.9754500389099	291.4754672050476	0.5000171661376953
to		291.5	0.5	291.4754672050476	291.9754481315613	0.4999809265136719
remember		292.0	0.5	291.9754481315613	292.475417137146	0.4999690055847168
what		292.5	0.5	292.475417137146	292.9754161834717	0.4999990463256836
he'd		293.0	0.5	292.9754161834717	293.47539710998535	0.4999809265136719
forgotten		293.5	0.5	293.47539710998535	293.97537302970886	0.49997591972351074
when		294.0	0.5	293.97537302970886	294.47534704208374	0.49997401237487793
Draco		294.5	0.5	294.47534704208374	294.9753360748291	0.49998903274536133
Malfoy,		295.0	0.5	294.9753360748291	295.4753119945526	0.49997591972351074
who		295.5	0.5	295.4753119945526	295.975298166275	0.4999861717224121
was		296.0	0.5	295.975298166275	296.4752950668335	0.4999969005584717
passing		296.5	0.5	296.4752950668335	296.975301027298	0.5000059604644775
the		297.0	0.5	296.975301027298	297.4752721786499	0.4999711513519287
Gryffindor		297.5	0.5	297.4752721786499	297.9752480983734	0.49997591972351074
table,		298.0	0.5	297.9752480983734	298.4752311706543	0.4999830722808838
snatched		298.5	0.5	298.4752311706543	298.97523021698	0.4999990463256836
the		299.0	0.5	298.97523021698	299.4752070903778	0.49997687339782715
Remembrall		299.5	0.5	299.4752070903778	299.9751892089844	0.4999821186065674
out		300.0	0.5	299.9751892089844	300.47516107559204	0.499971866607666
of		300.5	0.5	300.47516107559204	300.9751491546631	0.4999880790710449
his		301.0	0.5	300.9751491546631	301.4751470088959	0.4999978542327881
hand.		301.5	0.5	301.4751470088959	301.9751272201538	0.49998021125793457
+		302.0	0.5	301.9751272201538	302.4751250743866	0.4999978542327881
Harry		302.5	0.5	302.4751250743866	302.9751150608063	0.49998998641967773
and		303.0	0.5	302.9751150608063	303.4750850200653	0.4999699592590332
Ron		303.5	0.5	303.4750850200653	303.97508907318115	0.5000040531158447
jumped		304.0	0.5	303.97508907318115	304.47510504722595	0.5000159740447998
to		304.5	0.5	304.47510504722595	304.9750461578369	0.4999411106109619
their		305.0	0.5	304.9750461578369	305.47504901885986	0.5000028610229492
feet.		305.5	0.5	305.47504901885986	305.9750201702118	0.4999711513519287
They		306.0	0.5	305.9750201702118	306.47500014305115	0.49997997283935547
were		306.5	0.5	306.47500014305115	306.9750111103058	0.5000109672546387
half		307.0	0.5	306.9750111103058	307.4749870300293	0.49997591972351074
hoping		307.5	0.5	307.4749870300293	307.9750061035156	0.5000190734863281
for		308.0	0.5	307.9750061035156	308.47494316101074	0.4999370574951172
a		308.5	0.5	308.47494316101074	308.9749391078949	0.4999959468841553
reason		309.0	0.5	308.9749391078949	309.47492003440857	0.4999809265136719
to		309.5	0.5	309.47492003440857	309.97505021095276	0.5001301765441895
fight		310.0	0.5	309.97505021095276	310.4754180908203	0.5003678798675537
Malfoy,		310.5	0.5	310.4754180908203	310.9753839969635	0.4999659061431885
but		311.0	0.5	310.9753839969635	311.47538113594055	0.4999971389770508
Professor		311.5	0.5	311.47538113594055	311.975221157074	0.49984002113342285
McGonagall,		312.0	0.5	311.975221157074	312.4750351905823	0.4998140335083008
who		312.5	0.5	312.4750351905823	312.97516107559204	0.5001258850097656
could		313.0	0.5	312.97516107559204	313.4753131866455	0.5001521110534668
spot		313.5	0.5	313.4753131866455	313.9752731323242	0.49995994567871094
trouble		314.0	0.5	313.9752731323242	314.47525119781494	0.49997806549072266
quicker		314.5	0.5	314.47525119781494	314.97522807121277	0.49997687339782715
than		315.0	0.5	314.97522807121277	315.47523522377014	0.500007152557373
any		315.5	0.5	315.47523522377014	315.9752140045166	0.49997878074645996
teacher		316.0	0.5	315.9752140045166	316.4751842021942	0.4999701976776123
in		316.5	0.5	316.4751842021942	316.97504806518555	0.499863862991333
the		317.0	0.5	316.97504806518555	317.4749300479889	0.4998819828033447
school,		317.5	0.5	317.4749300479889	317.97478103637695	0.4998509883880615
was		318.0	0.5	317.97478103637695	318.4746880531311	0.4999070167541504
there		318.5	0.5	318.4746880531311	318.97466015815735	0.4999721050262451
in		319.0	0.5	318.97466015815735	319.47464323043823	0.4999830722808838
a		319.5	0.5	319.47464323043823	319.97465801239014	0.5000147819519043
flash.		320.0	0.5	319.97465801239014	320.4746160507202	0.4999580383300781
+		320.5	0.5	320.4746160507202	320.97459506988525	0.49997901916503906
"""What's"		321.0	0.5	320.97459506988525	321.47458600997925	0.49999094009399414
going		321.5	0.5	321.47458600997925	321.9745831489563	0.4999971389770508
"on?"""		322.0	0.5	321.9745831489563	322.4745671749115	0.4999840259552002
+		322.5	0.5	322.4745671749115	322.97454500198364	0.49997782707214355
"""Malfoy's"		323.0	0.5	322.97454500198364	323.474534034729	0.49998903274536133
got		323.5	0.5	323.474534034729	323.9745080471039	0.49997401237487793
my		324.0	0.5	323.9745080471039	324.4745330810547	0.5000250339508057
Remembrall,		324.5	0.5	324.4745330810547	324.97453022003174	0.4999971389770508
"Professor."""		325.0	0.5	324.97453022003174	325.4744870662689	0.4999568462371826
+		325.5	0.5	325.4744870662689	325.9744801521301	0.49999308586120605
Scowling,		326.0	0.5	325.9744801521301	326.47445821762085	0.49997806549072266
Malfoy		326.5	0.5	326.47445821762085	326.97449016571045	0.5000319480895996
quickly		327.0	0.5	326.97449016571045	327.4744520187378	0.49996185302734375
dropped		327.5	0.5	327.4744520187378	327.9744601249695	0.5000081062316895
the		328.0	0.5	327.9744601249695	328.4744510650635	0.49999094009399414
Remembrall		328.5	0.5	328.4744510650635	328.9744670391083	0.5000159740447998
back		329.0	0.5	328.9744670391083	329.47436118125916	0.4998941421508789
on		329.5	0.5	329.47436118125916	329.97436118125916	0.5
the		330.0	0.5	329.97436118125916	330.4743330478668	0.499971866607666
table.		330.5	0.5	330.4743330478668	330.97433614730835	0.5000030994415283
+		331.0	0.5	330.97433614730835	331.4743251800537	0.49998903274536133
"""Just"		331.5	0.5	331.4743251800537	331.97429513931274	0.4999699592590332
"looking,"""		332.0	0.5	331.97429513931274	332.4742760658264	0.4999809265136719
he		332.5	0.5	332.4742760658264	332.97426414489746	0.4999880790710449
said,		333.0	0.5	332.97426414489746	333.4742751121521	0.5000109672546387
and		333.5	0.5	333.4742751121521	333.97423815727234	0.49996304512023926
he		334.0	0.5	333.97423815727234	334.474237203598	0.4999990463256836
sloped		334.5	0.5	334.474237203598	334.9742200374603	0.4999828338623047
away		335.0	0.5	334.9742200374603	335.4742000102997	0.49997997283935547
with		335.5	0.5	335.4742000102997	335.97419118881226	0.49999117851257324
Crabbe		336.0	0.5	335.97419118881226	336.47417306900024	0.4999818801879883
and		336.5	0.5	336.47417306900024	336.97416520118713	0.49999213218688965
Goyle		337.0	0.5	336.97416520118713	337.47416400909424	0.4999988079071045
behind		337.5	0.5	337.47416400909424	337.97414803504944	0.4999840259552002
him.		338.0	0.5	337.97414803504944	338.4741280078888	0.49997997283935547
+		338.5	0.5	338.4741280078888	338.97410011291504	0.4999721050262451
+		339.0	0.5	338.97410011291504	339.4740831851959	0.4999830722808838
At		339.5	0.5	339.4740831851959	339.9740722179413	0.49998903274536133
three-thirty		340.0	0.5	339.9740722179413	340.4740641117096	0.49999189376831055
that		340.5	0.5	340.4740641117096	340.97405910491943	0.49999499320983887
afternoon,		341.0	0.5	340.97405910491943	341.4740400314331	0.4999809265136719
Harry,		341.5	0.5	341.4740400314331	341.9740240573883	0.4999840259552002
Ron,		342.0	0.5	341.9740240573883	342.4739990234375	0.49997496604919434
and		342.5	0.5	342.4739990234375	342.97399520874023	0.4999961853027344
the		343.0	0.5	342.97399520874023	343.4739761352539	0.4999809265136719
other		343.5	0.5	343.4739761352539	343.97397208213806	0.4999959468841553
Gryffindors		344.0	0.5	343.97397208213806	344.4740102291107	0.5000381469726562
hurried		344.5	0.5	344.4740102291107	344.9739670753479	0.4999568462371826
down		345.0	0.5	344.9739670753479	345.473925113678	0.4999580383300781
the		345.5	0.5	345.473925113678	345.97393703460693	0.5000119209289551
front		346.0	0.5	345.97393703460693	346.47391510009766	0.49997806549072266
steps		346.5	0.5	346.47391510009766	346.97383522987366	0.499920129776001
onto		347.0	0.5	346.97383522987366	347.47385811805725	0.5000228881835938
the		347.5	0.5	347.47385811805725	347.97389817237854	0.5000400543212891
grounds		348.0	0.5	347.97389817237854	348.4738600254059	0.49996185302734375
for		348.5	0.5	348.4738600254059	348.9737820625305	0.4999220371246338
their		349.0	0.5	348.9737820625305	349.47376704216003	0.4999849796295166
first		349.5	0.5	349.47376704216003	349.9737432003021	0.49997615814208984
flying		350.0	0.5	349.9737432003021	350.4737892150879	0.5000460147857666
lesson.		350.5	0.5	350.4737892150879	350.9737892150879	0.5
It		351.0	0.5	350.9737892150879	351.4737591743469	0.4999699592590332
was		351.5	0.5	351.4737591743469	351.97376704216003	0.5000078678131104
a		352.0	0.5	351.97376704216003	352.47376918792725	0.5000021457672119
clear,		352.5	0.5	352.47376918792725	352.97372817993164	0.49995899200439453
breezy		353.0	0.5	352.97372817993164	353.4736981391907	0.4999699592590332
day,		353.5	0.5	353.4736981391907	353.9736831188202	0.4999849796295166
and		354.0	0.5	353.9736831188202	354.47368121147156	0.4999980926513672
the		354.5	0.5	354.47368121147156	354.97367906570435	0.4999978542327881
grass		355.0	0.5	354.97367906570435	355.47368001937866	0.5000009536743164
rippled		355.5	0.5	355.47368001937866	355.97367000579834	0.49998998641967773
under		356.0	0.5	355.97367000579834	356.47364020347595	0.4999701976776123
their		356.5	0.5	356.47364020347595	356.97362208366394	0.4999818801879883
feet		357.0	0.5	356.97362208366394	357.4736201763153	0.4999980926513672
as		357.5	0.5	357.4736201763153	357.97357416152954	0.4999539852142334
they		358.0	0.5	357.97357416152954	358.4735770225525	0.5000028610229492
marched		358.5	0.5	358.4735770225525	358.97355914115906	0.4999821186065674
down		359.0	0.5	358.97355914115906	359.4735372066498	0.49997806549072266
the		359.5	0.5	359.4735372066498	359.97353410720825	0.4999969005584717
sloping		360.0	0.5	359.97353410720825	360.47356820106506	0.5000340938568115
lawns		360.5	0.5	360.47356820106506	360.97390818595886	0.5003399848937988
toward		361.0	0.5	360.97390818595886	361.4739911556244	0.5000829696655273
a		361.5	0.5	361.4739911556244	361.9739751815796	0.4999840259552002
smooth,		362.0	0.5	361.9739751815796	362.4738690853119	0.4998939037322998
flat		362.5	0.5	362.4738690853119	362.97369408607483	0.49982500076293945
lawn		363.0	0.5	362.97369408607483	363.47351908683777	0.49982500076293945
on		363.5	0.5	363.47351908683777	363.97392201423645	0.5004029273986816
the		364.0	0.5	363.97392201423645	364.4738140106201	0.499891996383667
opposite		364.5	0.5	364.4738140106201	364.9738190174103	0.5000050067901611
side		365.0	0.5	364.9738190174103	365.4737801551819	0.49996113777160645
of		365.5	0.5	365.4737801551819	365.9737560749054	0.49997591972351074
the		366.0	0.5	365.9737560749054	366.47381711006165	0.50006103515625
grounds		366.5	0.5	366.47381711006165	366.97371101379395	0.4998939037322998
to		367.0	0.5	366.97371101379395	367.4737710952759	0.5000600814819336
the		367.5	0.5	367.4737710952759	367.9736750125885	0.49990391731262207
forbidden		368.0	0.5	367.9736750125885	368.47339820861816	0.4997231960296631
forest,		368.5	0.5	368.47339820861816	368.97328209877014	0.49988389015197754
whose		369.0	0.5	368.97328209877014	369.47325921058655	0.49997711181640625
trees		369.5	0.5	369.47325921058655	369.97324204444885	0.4999828338623047
were		370.0	0.5	369.97324204444885	370.47324800491333	0.5000059604644775
swaying		370.5	0.5	370.47324800491333	370.97321605682373	0.4999680519104004
darkly		371.0	0.5	370.97321605682373	371.4731891155243	0.4999730587005615
in		371.5	0.5	371.4731891155243	371.97318601608276	0.4999969005584717
the		372.0	0.5	371.97318601608276	372.4731822013855	0.4999961853027344
distance.		372.5	0.5	372.4731822013855	372.973158121109	0.49997591972351074
+		373.0	0.5	372.973158121109	373.4731571674347	0.4999990463256836
The		373.5	0.5	373.4731571674347	373.97321009635925	0.5000529289245605
Slytherins		374.0	0.5	373.97321009635925	374.47312021255493	0.4999101161956787
were		374.5	0.5	374.47312021255493	374.9731020927429	0.4999818801879883
already		375.0	0.5	374.9731020927429	375.47308802604675	0.499985933303833
there,		375.5	0.5	375.47308802604675	375.973069190979	0.499981164932251
and		376.0	0.5	375.973069190979	376.4730591773987	0.49998998641967773
so		376.5	0.5	376.4730591773987	376.97307300567627	0.5000138282775879
were		377.0	0.5	376.97307300567627	377.47303199768066	0.49995899200439453
twenty		377.5	0.5	377.47303199768066	377.9730441570282	0.5000121593475342
broomsticks		378.0	0.5	377.9730441570282	378.4730050563812	0.49996089935302734
lying		378.5	0.5	378.4730050563812	378.9729800224304	0.49997496604919434
in		379.0	0.5	378.9729800224304	379.47297501564026	0.49999499320983887
neat		379.5	0.5	379.47297501564026	379.97295904159546	0.4999840259552002
lines		380.0	0.5	379.97295904159546	380.47295022010803	0.49999117851257324
on		380.5	0.5	380.47295022010803	380.972941160202	0.49999094009399414
the		381.0	0.5	380.972941160202	381.4729471206665	0.5000059604644775
ground.		381.5	0.5	381.4729471206665	381.9729142189026	0.499967098236084
Harry		382.0	0.5	381.9729142189026	382.47288823127747	0.49997401237487793
had		382.5	0.5	382.47288823127747	382.97287011146545	0.4999818801879883
heard		383.0	0.5	382.97287011146545	383.472873210907	0.5000030994415283
Fred		383.5	0.5	383.472873210907	383.9728500843048	0.49997687339782715
and		384.0	0.5	383.9728500843048	384.47284507751465	0.49999499320983887
George		384.5	0.5	384.47284507751465	384.9728271961212	0.4999821186065674
Weasley		385.0	0.5	384.9728271961212	385.47282004356384	0.49999284744262695
complain		385.5	0.5	385.47282004356384	385.9727931022644	0.4999730587005615
about		386.0	0.5	385.9727931022644	386.4727740287781	0.4999809265136719
the		386.5	0.5	386.4727740287781	386.972775220871	0.5000011920928955
school		387.0	0.5	386.972775220871	387.47275614738464	0.4999809265136719
brooms,		387.5	0.5	387.47275614738464	387.9727461338043	0.49998998641967773
saying		388.0	0.5	387.9727461338043	388.472736120224	0.49998998641967773
that		388.5	0.5	388.472736120224	388.9727511405945	0.5000150203704834
some		389.0	0.5	388.9727511405945	389.47269010543823	0.49993896484375
of		389.5	0.5	389.47269010543823	389.97269010543823	0.5
them		390.0	0.5	389.97269010543823	390.4726781845093	0.4999880790710449
started		390.5	0.5	390.4726781845093	390.9726641178131	0.499985933303833
to		391.0	0.5	390.9726641178131	391.47264313697815	0.49997901916503906
vibrate		391.5	0.5	391.47264313697815	391.9726231098175	0.49997997283935547
if		392.0	0.5	391.9726231098175	392.472620010376	0.4999969005584717
you		392.5	0.5	392.472620010376	392.97259402275085	0.49997401237487793
flew		393.0	0.5	392.97259402275085	393.47258400917053	0.49998998641967773
too		393.5	0.5	393.47258400917053	393.9725670814514	0.4999830722808838
high,		394.0	0.5	393.9725670814514	394.4725561141968	0.49998903274536133
or		394.5	0.5	394.4725561141968	394.9725480079651	0.49999189376831055
always		395.0	0.5	394.9725480079651	395.47253918647766	0.49999117851257324
flew		395.5	0.5	395.47253918647766	395.9725091457367	0.4999699592590332
slightly		396.0	0.5	395.9725091457367	396.4725260734558	0.5000169277191162
to		396.5	0.5	396.4725260734558	396.9724831581116	0.4999570846557617
the		397.0	0.5	396.9724831581116	397.4724841117859	0.5000009536743164
left.		397.5	0.5	397.4724841117859	397.97246503829956	0.4999809265136719
+		398.0	0.5	397.97246503829956	398.4724540710449	0.49998903274536133
Their		398.5	0.5	398.4724540710449	398.9724290370941	0.49997496604919434
teacher,		399.0	0.5	398.9724290370941	399.4724361896515	0.500007152557373
Madam		399.5	0.5	399.4724361896515	399.97241020202637	0.49997401237487793
Hooch,		400.0	0.5	399.97241020202637	400.47240018844604	0.49998998641967773
arrived.		400.5	0.5	400.47240018844604	400.97237610816956	0.49997591972351074
She		401.0	0.5	400.97237610816956	401.47235202789307	0.49997591972351074
had		401.5	0.5	401.47235202789307	401.9723570346832	0.5000050067901611
short,		402.0	0.5	401.9723570346832	402.47232818603516	0.4999711513519287
gray		402.5	0.5	402.47232818603516	402.97233605384827	0.5000078678131104
hair,		403.0	0.5	402.97233605384827	403.4723091125488	0.4999730587005615
and		403.5	0.5	403.4723091125488	403.9722971916199	0.4999880790710449
yellow		404.0	0.5	403.9722971916199	404.47228813171387	0.49999094009399414
eyes		404.5	0.5	404.47228813171387	404.9722590446472	0.4999709129333496
like		405.0	0.5	404.9722590446472	405.4722590446472	0.5
a		405.5	0.5	405.4722590446472	405.97223806381226	0.49997901916503906
hawk.		406.0	0.5	405.97223806381226	406.4722330570221	0.49999499320983887
+		406.5	0.5	406.4722330570221	406.97222208976746	0.49998903274536133
"""Well,"		407.0	0.5	406.97222208976746	407.47220516204834	0.4999830722808838
what		407.5	0.5	407.47220516204834	407.97218918800354	0.4999840259552002
are		408.0	0.5	407.97218918800354	408.4721701145172	0.4999809265136719
you		408.5	0.5	408.4721701145172	408.9721632003784	0.49999308586120605
all		409.0	0.5	408.9721632003784	409.4721620082855	0.4999988079071045
waiting		409.5	0.5	409.4721620082855	409.97212505340576	0.49996304512023926
"for?"""		410.0	0.5	409.97212505340576	410.4721221923828	0.4999971389770508
she		410.5	0.5	410.4721221923828	410.9721040725708	0.4999818801879883
barked.		411.0	0.5	410.9721040725708	411.47244906425476	0.50034499168396
"""Everyone"		411.5	0.5	411.47244906425476	411.97258019447327	0.5001311302185059
stand		412.0	0.5	411.97258019447327	412.47256302833557	0.4999828338623047
by		412.5	0.5	412.47256302833557	412.9725022315979	0.4999392032623291
a		413.0	0.5	412.9725022315979	413.4723401069641	0.49983787536621094
broomstick.		413.5	0.5	413.4723401069641	413.9721472263336	0.49980711936950684
Come		414.0	0.5	413.9721472263336	414.4724760055542	0.500328779220581
on,		414.5	0.5	414.4724760055542	414.9724590778351	0.4999830722808838
hurry		415.0	0.5	414.9724590778351	415.4724590778351	0.5
"up."""		415.5	0.5	415.4724590778351	415.9724521636963	0.49999308586120605
+		416.0	0.5	415.9724521636963	416.4724202156067	0.4999680519104004
Harry		416.5	0.5	416.4724202156067	416.97240018844604	0.49997997283935547
glanced		417.0	0.5	416.97240018844604	417.4723720550537	0.499971866607666
down		417.5	0.5	417.4723720550537	417.9723930358887	0.5000209808349609
at		418.0	0.5	417.9723930358887	418.47224521636963	0.49985218048095703
his		418.5	0.5	418.47224521636963	418.972088098526	0.49984288215637207
broom.		419.0	0.5	418.972088098526	419.4718701839447	0.49978208541870117
It		419.5	0.5	419.4718701839447	419.9718520641327	0.4999818801879883
was		420.0	0.5	419.9718520641327	420.4718351364136	0.4999830722808838
old		420.5	0.5	420.4718351364136	420.97183322906494	0.4999980926513672
and		421.0	0.5	420.97183322906494	421.47181820869446	0.4999849796295166
some		421.5	0.5	421.47181820869446	421.97179222106934	0.49997401237487793
of		422.0	0.5	421.97179222106934	422.4717891216278	0.4999969005584717
the		422.5	0.5	422.4717891216278	422.97176909446716	0.49997997283935547
twigs		423.0	0.5	422.97176909446716	423.4717481136322	0.49997901916503906
stuck		423.5	0.5	423.4717481136322	423.9717330932617	0.4999849796295166
out		424.0	0.5	423.9717330932617	424.47173619270325	0.5000030994415283
at		424.5	0.5	424.47173619270325	424.9717080593109	0.499971866607666
odd		425.0	0.5	424.9717080593109	425.47170305252075	0.49999499320983887
angles.		425.5	0.5	425.47170305252075	425.9716820716858	0.49997901916503906
+		426.0	0.5	425.9716820716858	426.4716811180115	0.4999990463256836
"""Stick"		426.5	0.5	426.4716811180115	426.97164821624756	0.499967098236084
out		427.0	0.5	426.97164821624756	427.47163701057434	0.4999887943267822
your		427.5	0.5	427.47163701057434	427.97164011001587	0.5000030994415283
right		428.0	0.5	427.97164011001587	428.4716160297394	0.49997591972351074
hand		428.5	0.5	428.4716160297394	428.97161412239075	0.4999980926513672
over		429.0	0.5	428.97161412239075	429.47157311439514	0.49995899200439453
your		429.5	0.5	429.47157311439514	429.9715712070465	0.4999980926513672
"broom,"""		430.0	0.5	429.9715712070465	430.4715631008148	0.49999189376831055
called		430.5	0.5	430.4715631008148	430.97155499458313	0.49999189376831055
Madam		431.0	0.5	430.97155499458313	431.4715371131897	0.4999821186065674
Hooch		431.5	0.5	431.4715371131897	431.97151803970337	0.4999809265136719
at		432.0	0.5	431.97151803970337	432.4715061187744	0.4999880790710449
the		432.5	0.5	432.4715061187744	432.9714980125427	0.49999189376831055
front,		433.0	0.5	432.9714980125427	433.47151803970337	0.5000200271606445
"""and"		433.5	0.5	433.47151803970337	433.97149419784546	0.49997615814208984
say		434.0	0.5	433.97149419784546	434.47145318984985	0.49995899200439453
"'Up!'"""		434.5	0.5	434.47145318984985	434.97146701812744	0.5000138282775879
+		435.0	0.5	434.97146701812744	435.4714632034302	0.4999961853027344
"""UP!"""		435.5	0.5	435.4714632034302	435.9714081287384	0.49994492530822754
everyone		436.0	0.5	435.9714081287384	436.47143721580505	0.5000290870666504
shouted.		436.5	0.5	436.47143721580505	436.97137808799744	0.4999408721923828
+		437.0	0.5	436.97137808799744	437.4713830947876	0.5000050067901611
Harry's		437.5	0.5	437.4713830947876	437.9713761806488	0.49999308586120605
broom		438.0	0.5	437.9713761806488	438.4713430404663	0.4999668598175049
jumped		438.5	0.5	438.4713430404663	438.9713101387024	0.499967098236084
into		439.0	0.5	438.9713101387024	439.47131299972534	0.5000028610229492
his		439.5	0.5	439.47131299972534	439.9712870121002	0.49997401237487793
hand		440.0	0.5	439.9712870121002	440.4712791442871	0.49999213218688965
at		440.5	0.5	440.4712791442871	440.9712710380554	0.49999189376831055
once,		441.0	0.5	440.9712710380554	441.4712610244751	0.49998998641967773
but		441.5	0.5	441.4712610244751	441.9712481498718	0.4999871253967285
it		442.0	0.5	441.9712481498718	442.4712691307068	0.5000209808349609
was		442.5	0.5	442.4712691307068	442.9712221622467	0.499953031539917
one		443.0	0.5	442.9712221622467	443.47118616104126	0.49996399879455566
of		443.5	0.5	443.47118616104126	443.9711971282959	0.5000109672546387
the		444.0	0.5	443.9711971282959	444.4711720943451	0.49997496604919434
few		444.5	0.5	444.4711720943451	444.9711592197418	0.4999871253967285
that		445.0	0.5	444.9711592197418	445.4711410999298	0.4999818801879883
did.		445.5	0.5	445.4711410999298	445.9711470603943	0.5000059604644775
Hermione		446.0	0.5	445.9711470603943	446.47112011909485	0.4999730587005615
Granger's		446.5	0.5	446.47112011909485	446.97109818458557	0.49997806549072266
had		447.0	0.5	446.97109818458557	447.4710841178894	0.499985933303833
simply		447.5	0.5	447.4710841178894	447.9710760116577	0.49999189376831055
rolled		448.0	0.5	447.9710760116577	448.4710810184479	0.5000050067901611
over		448.5	0.5	448.4710810184479	448.9710421562195	0.49996113777160645
on		449.0	0.5	448.9710421562195	449.4710590839386	0.5000169277191162
the		449.5	0.5	449.4710590839386	449.97107315063477	0.500014066696167
ground,		450.0	0.5	449.97107315063477	450.4710052013397	0.49993205070495605
and		450.5	0.5	450.4710052013397	450.97102308273315	0.5000178813934326
Neville's		451.0	0.5	450.97102308273315	451.4709680080414	0.49994492530822754
hadn't		451.5	0.5	451.4709680080414	451.9709610939026	0.49999308586120605
moved		452.0	0.5	451.9709610939026	452.4709460735321	0.4999849796295166
at		452.5	0.5	452.4709460735321	452.97093415260315	0.4999880790710449
all.		453.0	0.5	452.97093415260315	453.4709370136261	0.5000028610229492
Perhaps		453.5	0.5	453.4709370136261	453.9709050655365	0.4999680519104004
brooms,		454.0	0.5	453.9709050655365	454.47088623046875	0.499981164932251
like		454.5	0.5	454.47088623046875	454.9708960056305	0.5000097751617432
horses,		455.0	0.5	454.9708960056305	455.47085905075073	0.49996304512023926
could		455.5	0.5	455.47085905075073	455.97084617614746	0.4999871253967285
tell		456.0	0.5	455.97084617614746	456.4708352088928	0.49998903274536133
when		456.5	0.5	456.4708352088928	456.9708261489868	0.49999094009399414
you		457.0	0.5	456.9708261489868	457.47079610824585	0.4999699592590332
were		457.5	0.5	457.47079610824585	457.9707851409912	0.49998903274536133
afraid,		458.0	0.5	457.9707851409912	458.4707841873169	0.4999990463256836
thought		458.5	0.5	458.4707841873169	458.9707660675049	0.4999818801879883
Harry;		459.0	0.5	458.9707660675049	459.4707541465759	0.4999880790710449
there		459.5	0.5	459.4707541465759	459.970742225647	0.4999880790710449
was		460.0	0.5	459.970742225647	460.4707200527191	0.49997782707214355
a		460.5	0.5	460.4707200527191	460.9707062244415	0.4999861717224121
quaver		461.0	0.5	460.9707062244415	461.4707341194153	0.5000278949737549
in		461.5	0.5	461.4707341194153	461.970938205719	0.5002040863037109
Neville's		462.0	0.5	461.970938205719	462.4711720943451	0.5002338886260986
voice		462.5	0.5	462.4711720943451	462.971155166626	0.4999830722808838
that		463.0	0.5	462.971155166626	463.4711501598358	0.49999499320983887
said		463.5	0.5	463.4711501598358	463.9709780216217	0.49982786178588867
only		464.0	0.5	463.9709780216217	464.4707980155945	0.4998199939727783
too		464.5	0.5	464.4707980155945	464.9710102081299	0.5002121925354004
clearly		465.0	0.5	464.9710102081299	465.4710681438446	0.5000579357147217
that		465.5	0.5	465.4710681438446	465.97103214263916	0.49996399879455566
he		466.0	0.5	465.97103214263916	466.4710211753845	0.49998903274536133
wanted		466.5	0.5	466.4710211753845	466.9709930419922	0.499971866607666
to		467.0	0.5	466.9709930419922	467.4709122180939	0.49991917610168457
keep		467.5	0.5	467.4709122180939	467.9709770679474	0.5000648498535156
his		468.0	0.5	467.9709770679474	468.4709541797638	0.49997711181640625
feet		468.5	0.5	468.4709541797638	468.97088408470154	0.49992990493774414
on		469.0	0.5	468.97088408470154	469.47070121765137	0.4998171329498291
the		469.5	0.5	469.47070121765137	469.9705581665039	0.49985694885253906
ground.		470.0	0.5	469.9705581665039	470.4704501628876	0.499891996383667
+		470.5	0.5	470.4704501628876	470.97045707702637	0.500006914138794
Madam		471.0	0.5	470.97045707702637	471.47041606903076	0.49995899200439453
Hooch		471.5	0.5	471.47041606903076	471.97040915489197	0.49999308586120605
then		472.0	0.5	471.97040915489197	472.47039103507996	0.4999818801879883
showed		472.5	0.5	472.47039103507996	472.9703760147095	0.4999849796295166
them		473.0	0.5	472.9703760147095	473.4703600406647	0.4999840259552002
how		473.5	0.5	473.4703600406647	473.97035217285156	0.49999213218688965
to		474.0	0.5	473.97035217285156	474.47034215927124	0.49998998641967773
mount		474.5	0.5	474.47034215927124	474.97030806541443	0.4999659061431885
their		475.0	0.5	474.97030806541443	475.47031903266907	0.5000109672546387
brooms		475.5	0.5	475.47031903266907	475.97029209136963	0.4999730587005615
without		476.0	0.5	475.97029209136963	476.4703001976013	0.5000081062316895
sliding		476.5	0.5	476.4703001976013	476.9702742099762	0.49997401237487793
off		477.0	0.5	476.9702742099762	477.470263004303	0.4999887943267822
the		477.5	0.5	477.470263004303	477.9702470302582	0.4999840259552002
end,		478.0	0.5	477.9702470302582	478.47022008895874	0.4999730587005615
and		478.5	0.5	478.47022008895874	478.9702091217041	0.49998903274536133
walked		479.0	0.5	478.9702091217041	479.4701850414276	0.49997591972351074
up		479.5	0.5	479.4701850414276	479.9701750278473	0.49998998641967773
and		480.0	0.5	479.9701750278473	480.4701750278473	0.5
down		480.5	0.5	480.4701750278473	480.9701611995697	0.4999861717224121
the		481.0	0.5	480.9701611995697	481.4701430797577	0.4999818801879883
rows		481.5	0.5	481.4701430797577	481.97014904022217	0.5000059604644775
correcting		482.0	0.5	481.97014904022217	482.4701189994812	0.4999699592590332
their		482.5	0.5	482.4701189994812	482.97010016441345	0.499981164932251
grips.		483.0	0.5	482.97010016441345	483.47010707855225	0.500006914138794
Harry		483.5	0.5	483.47010707855225	483.9700770378113	0.4999699592590332
and		484.0	0.5	483.9700770378113	484.47007417678833	0.4999971389770508
Ron		484.5	0.5	484.47007417678833	484.9700491428375	0.49997496604919434
were		485.0	0.5	484.9700491428375	485.4700381755829	0.49998903274536133
delighted		485.5	0.5	485.4700381755829	485.9700050354004	0.4999668598175049
when		486.0	0.5	485.9700050354004	486.4699990749359	0.49999403953552246
she		486.5	0.5	486.4699990749359	486.96998715400696	0.4999880790710449
told		487.0	0.5	486.96998715400696	487.47001910209656	0.5000319480895996
Malfoy		487.5	0.5	487.47001910209656	487.9699740409851	0.4999549388885498
he'd		488.0	0.5	487.9699740409851	488.4699590206146	0.4999849796295166
been		488.5	0.5	488.4699590206146	488.96994709968567	0.4999880790710449
doing		489.0	0.5	488.96994709968567	489.46993017196655	0.4999830722808838
it		489.5	0.5	489.46993017196655	489.9699230194092	0.49999284744262695
wrong		490.0	0.5	489.9699230194092	490.46991300582886	0.49998998641967773
for		490.5	0.5	490.46991300582886	490.9699079990387	0.49999499320983887
years.		491.0	0.5	490.9699079990387	491.4698920249939	0.4999840259552002
+		491.5	0.5	491.4698920249939	491.96981406211853	0.4999220371246338
"""Now,"		492.0	0.5	491.96981406211853	492.4698691368103	0.5000550746917725
when		492.5	0.5	492.4698691368103	492.9697790145874	0.4999098777770996
I		493.0	0.5	492.9697790145874	493.46981620788574	0.5000371932983398
blow		493.5	0.5	493.46981620788574	493.9698350429535	0.500018835067749
my		494.0	0.5	493.9698350429535	494.4697802066803	0.49994516372680664
whistle,		494.5	0.5	494.4697802066803	494.9697639942169	0.4999837875366211
you		495.0	0.5	494.9697639942169	495.46978521347046	0.50002121925354
kick		495.5	0.5	495.46978521347046	495.9696969985962	0.4999117851257324
off		496.0	0.5	495.9696969985962	496.46975016593933	0.5000531673431396
from		496.5	0.5	496.46975016593933	496.96975111961365	0.5000009536743164
the		497.0	0.5	496.96975111961365	497.4697141647339	0.49996304512023926
ground,		497.5	0.5	497.4697141647339	497.9697120189667	0.4999978542327881
"hard,"""		498.0	0.5	497.9697120189667	498.4696831703186	0.4999711513519287
said		498.5	0.5	498.4696831703186	498.9696831703186	0.5
Madam		499.0	0.5	498.9696831703186	499.46966004371643	0.49997687339782715
Hooch.		499.5	0.5	499.46966004371643	499.969603061676	0.4999430179595947
"""Keep"		500.0	0.5	499.969603061676	500.4696400165558	0.5000369548797607
your		500.5	0.5	500.4696400165558	500.96961402893066	0.49997401237487793
brooms		501.0	0.5	500.96961402893066	501.4695930480957	0.49997901916503906
steady,		501.5	0.5	501.4695930480957	501.9695711135864	0.49997806549072266
rise		502.0	0.5	501.9695711135864	502.4695551395416	0.4999840259552002
a		502.5	0.5	502.4695551395416	502.96953415870667	0.49997901916503906
few		503.0	0.5	502.96953415870667	503.46954822540283	0.500014066696167
feet,		503.5	0.5	503.46954822540283	503.96951723098755	0.4999690055847168
and		504.0	0.5	503.96951723098755	504.4694941043854	0.49997687339782715
then		504.5	0.5	504.4694941043854	504.96959400177	0.5000998973846436
come		505.0	0.5	504.96959400177	505.46946811676025	0.4998741149902344
straight		505.5	0.5	505.46946811676025	505.9694471359253	0.49997901916503906
back		506.0	0.5	505.9694471359253	506.4694390296936	0.49999189376831055
down		506.5	0.5	506.4694390296936	506.9694302082062	0.49999117851257324
by		507.0	0.5	506.9694302082062	507.4694290161133	0.4999988079071045
leaning		507.5	0.5	507.4694290161133	507.9694080352783	0.49997901916503906
forward		508.0	0.5	507.9694080352783	508.4693970680237	0.49998903274536133
slightly.		508.5	0.5	508.4693970680237	508.96937108039856	0.49997401237487793
On		509.0	0.5	508.96937108039856	509.4693491458893	0.49997806549072266
my		509.5	0.5	509.4693491458893	509.9693651199341	0.5000159740447998
whistle		510.0	0.5	509.9693651199341	510.46933817863464	0.4999730587005615
—		510.5	0.5	510.46933817863464	510.96932315826416	0.4999849796295166
three		511.0	0.5	510.96932315826416	511.4693121910095	0.49998903274536133
—		511.5	0.5	511.4693121910095	511.96928310394287	0.4999709129333496
two		512.0	0.5	511.96928310394287	512.4693341255188	0.5000510215759277
"—"""		512.5	0.5	512.4693341255188	512.969722032547	0.5003879070281982
+		513.0	0.5	512.969722032547	513.4697561264038	0.5000340938568115
But		513.5	0.5	513.4697561264038	513.9697461128235	0.49998998641967773
Neville,		514.0	0.5	513.9697461128235	514.469624042511	0.4998779296875
nervous		514.5	0.5	514.469624042511	514.9694521427155	0.4998281002044678
and		515.0	0.5	514.9694521427155	515.4692702293396	0.4998180866241455
jumpy		515.5	0.5	515.4692702293396	515.9696590900421	0.5003888607025146
and		516.0	0.5	515.9696590900421	516.4696772098541	0.5000181198120117
frightened		516.5	0.5	516.4696772098541	516.969642162323	0.49996495246887207
of		517.0	0.5	516.969642162323	517.4696202278137	0.49997806549072266
being		517.5	0.5	517.4696202278137	517.9695801734924	0.49995994567871094
left		518.0	0.5	517.9695801734924	518.4695720672607	0.49999189376831055
on		518.5	0.5	518.4695720672607	518.9695401191711	0.4999680519104004
the		519.0	0.5	518.9695401191711	519.4695320129395	0.49999189376831055
ground,		519.5	0.5	519.4695320129395	519.9693520069122	0.4998199939727783
pushed		520.0	0.5	519.9693520069122	520.4691610336304	0.49980902671813965
off		520.5	0.5	520.4691610336304	520.9690361022949	0.4998750686645508
hard		521.0	0.5	520.9690361022949	521.4690310955048	0.49999499320983887
before		521.5	0.5	521.4690310955048	521.9690160751343	0.4999849796295166
the		522.0	0.5	521.9690160751343	522.4690051078796	0.49998903274536133
whistle		522.5	0.5	522.4690051078796	522.9689919948578	0.4999868869781494
had		523.0	0.5	522.9689919948578	523.4689841270447	0.49999213218688965
touched		523.5	0.5	523.4689841270447	523.9689590930939	0.49997496604919434
Madam		524.0	0.5	523.9689590930939	524.4689471721649	0.4999880790710449
Hooch's		524.5	0.5	524.4689471721649	524.9689202308655	0.4999730587005615
lips.		525.0	0.5	524.9689202308655	525.468908071518	0.4999878406524658
+		525.5	0.5	525.468908071518	525.9688980579376	0.49998998641967773
"""Come"		526.0	0.5	525.9688980579376	526.4688770771027	0.49997901916503906
back,		526.5	0.5	526.4688770771027	526.9688680171967	0.49999094009399414
"boy!"""		527.0	0.5	526.9688680171967	527.4688630104065	0.49999499320983887
she		527.5	0.5	527.4688630104065	527.9688382148743	0.49997520446777344
shouted,		528.0	0.5	527.9688382148743	528.4688220024109	0.4999837875366211
but		528.5	0.5	528.4688220024109	528.9688150882721	0.49999308586120605
Neville		529.0	0.5	528.9688150882721	529.4688260555267	0.5000109672546387
was		529.5	0.5	529.4688260555267	529.9687900543213	0.49996399879455566
rising		530.0	0.5	529.9687900543213	530.468777179718	0.4999871253967285
straight		530.5	0.5	530.468777179718	530.968759059906	0.4999818801879883
up		531.0	0.5	530.968759059906	531.468747138977	0.4999880790710449
like		531.5	0.5	531.468747138977	531.9687411785126	0.49999403953552246
a		532.0	0.5	531.9687411785126	532.4687190055847	0.49997782707214355
cork		532.5	0.5	532.4687190055847	532.9687101840973	0.49999117851257324
shot		533.0	0.5	532.9687101840973	533.4687180519104	0.5000078678131104
out		533.5	0.5	533.4687180519104	533.9686841964722	0.4999661445617676
of		534.0	0.5	533.9686841964722	534.4686732292175	0.49998903274536133
a		534.5	0.5	534.4686732292175	534.9686450958252	0.499971866607666
bottle		535.0	0.5	534.9686450958252	535.4686419963837	0.4999969005584717
—		535.5	0.5	535.4686419963837	535.9686419963837	0.5
twelve		536.0	0.5	535.9686419963837	536.4686172008514	0.49997520446777344
feet		536.5	0.5	536.4686172008514	536.9685940742493	0.49997687339782715
—		537.0	0.5	536.9685940742493	537.4685740470886	0.49997997283935547
twenty		537.5	0.5	537.4685740470886	537.9685680866241	0.49999403953552246
feet.		538.0	0.5	537.9685680866241	538.4685552120209	0.4999871253967285
Harry		538.5	0.5	538.4685552120209	538.9685301780701	0.49997496604919434
saw		539.0	0.5	538.9685301780701	539.4685280323029	0.4999978542327881
his		539.5	0.5	539.4685280323029	539.9685151576996	0.4999871253967285
scared		540.0	0.5	539.9685151576996	540.4685020446777	0.4999868869781494
white		540.5	0.5	540.4685020446777	540.9684901237488	0.4999880790710449
face		541.0	0.5	540.9684901237488	541.4684700965881	0.49997997283935547
look		541.5	0.5	541.4684700965881	541.968453168869	0.4999830722808838
down		542.0	0.5	541.968453168869	542.4684631824493	0.5000100135803223
at		542.5	0.5	542.4684631824493	542.9684240818024	0.49996089935302734
the		543.0	0.5	542.9684240818024	543.4684150218964	0.49999094009399414
ground		543.5	0.5	543.4684150218964	543.9684011936188	0.4999861717224121
falling		544.0	0.5	543.9684011936188	544.4683880805969	0.4999868869781494
away,		544.5	0.5	544.4683880805969	544.9683961868286	0.5000081062316895
saw		545.0	0.5	544.9683961868286	545.4683611392975	0.49996495246887207
him		545.5	0.5	545.4683611392975	545.9683520793915	0.49999094009399414
gasp,		546.0	0.5	545.9683520793915	546.4683270454407	0.49997496604919434
slip		546.5	0.5	546.4683270454407	546.9683310985565	0.5000040531158447
sideways		547.0	0.5	546.9683310985565	547.4683082103729	0.49997711181640625
off		547.5	0.5	547.4683082103729	547.9683041572571	0.4999959468841553
the		548.0	0.5	547.9683041572571	548.4682741165161	0.4999699592590332
broom		548.5	0.5	548.4682741165161	548.9682672023773	0.49999308586120605
and		549.0	0.5	548.9682672023773	549.4682431221008	0.49997591972351074
—		549.5	0.5	549.4682431221008	549.9682400226593	0.4999969005584717
+		550.0	0.5	549.9682400226593	550.4682290554047	0.49998903274536133
WHAM		550.5	0.5	550.4682290554047	550.9682030677795	0.49997401237487793
—		551.0	0.5	550.9682030677795	551.4681880474091	0.4999849796295166
a		551.5	0.5	551.4681880474091	551.9681751728058	0.4999871253967285
thud		552.0	0.5	551.9681751728058	552.4681611061096	0.499985933303833
and		552.5	0.5	552.4681611061096	552.9681482315063	0.4999871253967285
a		553.0	0.5	552.9681482315063	553.4681620597839	0.5000138282775879
nasty		553.5	0.5	553.4681620597839	553.9681081771851	0.49994611740112305
crack		554.0	0.5	553.9681081771851	554.4681091308594	0.5000009536743164
and		554.5	0.5	554.4681091308594	554.9681000709534	0.49999094009399414
Neville		555.0	0.5	554.9681000709534	555.4681022167206	0.5000021457672119
lay		555.5	0.5	555.4681022167206	555.9680650234222	0.49996280670166016
facedown		556.0	0.5	555.9680650234222	556.4680540561676	0.49998903274536133
on		556.5	0.5	556.4680540561676	556.9680240154266	0.4999699592590332
the		557.0	0.5	556.9680240154266	557.4680261611938	0.5000021457672119
grass		557.5	0.5	557.4680261611938	557.968043088913	0.5000169277191162
in		558.0	0.5	557.968043088913	558.4679970741272	0.4999539852142334
a		558.5	0.5	558.4679970741272	558.9679870605469	0.49998998641967773
heap.		559.0	0.5	558.9679870605469	559.4679861068726	0.4999990463256836
His		559.5	0.5	559.4679861068726	559.9679570198059	0.4999709129333496
broomstick		560.0	0.5	559.9679570198059	560.467945098877	0.4999880790710449
was		560.5	0.5	560.467945098877	560.967924118042	0.49997901916503906
still		561.0	0.5	560.967924118042	561.4679260253906	0.5000019073486328
rising		561.5	0.5	561.4679260253906	561.9679400920868	0.500014066696167
higher		562.0	0.5	561.9679400920868	562.4678862094879	0.49994611740112305
and		562.5	0.5	562.4678862094879	562.9678621292114	0.49997591972351074
higher,		563.0	0.5	562.9678621292114	563.4682040214539	0.5003418922424316
and		563.5	0.5	563.4682040214539	563.9683840274811	0.5001800060272217
started		564.0	0.5	563.9683840274811	564.4684431552887	0.5000591278076172
to		564.5	0.5	564.4684431552887	564.9682681560516	0.49982500076293945
drift		565.0	0.5	564.9682681560516	565.468099117279	0.499830961227417
lazily		565.5	0.5	565.468099117279	565.9679100513458	0.49981093406677246
toward		566.0	0.5	565.9679100513458	566.468230009079	0.5003199577331543
the		566.5	0.5	566.468230009079	566.9682331085205	0.5000030994415283
forbidden		567.0	0.5	566.9682331085205	567.4682152271271	0.4999821186065674
forest		567.5	0.5	567.4682152271271	567.9682111740112	0.4999959468841553
and		568.0	0.5	567.9682111740112	568.4682140350342	0.5000028610229492
out		568.5	0.5	568.4682140350342	568.9681830406189	0.4999690055847168
of		569.0	0.5	568.9681830406189	569.4682061672211	0.5000231266021729
sight.		569.5	0.5	569.4682061672211	569.9681780338287	0.499971866607666
+		570.0	0.5	569.9681780338287	570.4679980278015	0.4998199939727783
Madam		570.5	0.5	570.4679980278015	570.967826128006	0.4998281002044678
Hooch		571.0	0.5	570.967826128006	571.4676361083984	0.49980998039245605
was		571.5	0.5	571.4676361083984	571.9676229953766	0.4999868869781494
bending		572.0	0.5	571.9676229953766	572.4675970077515	0.49997401237487793
over		572.5	0.5	572.4675970077515	572.9676020145416	0.5000050067901611
Neville,		573.0	0.5	572.9676020145416	573.4677011966705	0.5000991821289062
her		573.5	0.5	573.4677011966705	573.9676902294159	0.49998903274536133
face		574.0	0.5	573.9676902294159	574.4675450325012	0.49985480308532715
as		574.5	0.5	574.4675450325012	574.9675600528717	0.5000150203704834
white		575.0	0.5	574.9675600528717	575.4675531387329	0.49999308586120605
as		575.5	0.5	575.4675531387329	575.9675362110138	0.4999830722808838
his.		576.0	0.5	575.9675362110138	576.4675199985504	0.4999837875366211
"""Broken"		576.5	0.5	576.4675199985504	576.9675221443176	0.5000021457672119
"wrist,"""		577.0	0.5	576.9675221443176	577.4674620628357	0.4999399185180664
Harry		577.5	0.5	577.4674620628357	577.9674971103668	0.5000350475311279
heard		578.0	0.5	577.9674971103668	578.467570066452	0.5000729560852051
her		578.5	0.5	578.467570066452	578.9674401283264	0.49987006187438965
mutter.		579.0	0.5	578.9674401283264	579.4674360752106	0.4999959468841553
"""Come"		579.5	0.5	579.4674360752106	579.9674382209778	0.5000021457672119
on,		580.0	0.5	579.9674382209778	580.4673960208893	0.499957799911499
boy		580.5	0.5	580.4673960208893	580.9673941135406	0.4999980926513672
—		581.0	0.5	580.9673941135406	581.4673960208893	0.5000019073486328
it's		581.5	0.5	581.4673960208893	581.9673581123352	0.49996209144592285
all		582.0	0.5	581.9673581123352	582.467383146286	0.5000250339508057
right,		582.5	0.5	582.467383146286	582.9674110412598	0.5000278949737549
up		583.0	0.5	582.9674110412598	583.4674460887909	0.5000350475311279
you		583.5	0.5	583.4674460887909	583.9674391746521	0.49999308586120605
"get."""		584.0	0.5	583.9674391746521	584.467481136322	0.5000419616699219
+		584.5	0.5	584.467481136322	584.9673001766205	0.4998190402984619
She		585.0	0.5	584.9673001766205	585.4672391414642	0.49993896484375
turned		585.5	0.5	585.4672391414642	585.9673302173615	0.5000910758972168
to		586.0	0.5	585.9673302173615	586.4674730300903	0.5001428127288818
the		586.5	0.5	586.4674730300903	586.9672141075134	0.4997410774230957
rest		587.0	0.5	586.9672141075134	587.4672691822052	0.5000550746917725
of		587.5	0.5	587.4672691822052	587.967315196991	0.5000460147857666
the		588.0	0.5	587.967315196991	588.4672231674194	0.4999079704284668
class.		588.5	0.5	588.4672231674194	588.9673111438751	0.5000879764556885
"""None"		589.0	0.5	588.9673111438751	589.4671490192413	0.49983787536621094
of		589.5	0.5	589.4671490192413	589.9671471118927	0.4999980926513672
you		590.0	0.5	589.9671471118927	590.4671361446381	0.49998903274536133
is		590.5	0.5	590.4671361446381	590.9670720100403	0.4999358654022217
to		591.0	0.5	590.9670720100403	591.4670422077179	0.4999701976776123
move		591.5	0.5	591.4670422077179	591.9671320915222	0.5000898838043213
while		592.0	0.5	591.9671320915222	592.4670031070709	0.49987101554870605
I		592.5	0.5	592.4670031070709	592.9669551849365	0.4999520778656006
take		593.0	0.5	592.9669551849365	593.46693110466	0.49997591972351074
this		593.5	0.5	593.46693110466	593.9836611747742	0.5167300701141357
boy		594.0	0.5	593.9836611747742	594.4669020175934	0.48324084281921387
to		594.5	0.5	594.4669020175934	594.9668941497803	0.49999213218688965
the		595.0	0.5	594.9668941497803	595.4668841362	0.49998998641967773
hospital		595.5	0.5	595.4668841362	595.9836051464081	0.5167210102081299
wing!		596.0	0.5	595.9836051464081	596.4836070537567	0.5000019073486328
You		596.5	0.5	596.4836070537567	596.9835901260376	0.4999830722808838
leave		597.0	0.5	596.9835901260376	597.4835851192474	0.49999499320983887
those		597.5	0.5	597.4835851192474	597.9835832118988	0.4999980926513672
brooms		598.0	0.5	597.9835832118988	598.4835510253906	0.4999678134918213
where		598.5	0.5	598.4835510253906	598.9835441112518	0.49999308586120605
they		599.0	0.5	598.9835441112518	599.4835262298584	0.4999821186065674
are		599.5	0.5	599.4835262298584	599.9835090637207	0.4999828338623047
or		600.0	0.5	599.9835090637207	600.4834921360016	0.4999830722808838
you'll		600.5	0.5	600.4834921360016	600.9834730625153	0.4999809265136719
be		601.0	0.5	600.9834730625153	601.4834580421448	0.4999849796295166
out		601.5	0.5	601.4834580421448	601.9834530353546	0.49999499320983887
of		602.0	0.5	601.9834530353546	602.4834430217743	0.49998998641967773
Hogwarts		602.5	0.5	602.4834430217743	602.9834201335907	0.49997711181640625
before		603.0	0.5	602.9834201335907	603.4834201335907	0.5
you		603.5	0.5	603.4834201335907	603.9834101200104	0.49998998641967773
can		604.0	0.5	603.9834101200104	604.4833800792694	0.4999699592590332
say		604.5	0.5	604.4833800792694	604.9833950996399	0.5000150203704834
'Quidditch.'		605.0	0.5	604.9833950996399	605.4833760261536	0.4999809265136719
Come		605.5	0.5	605.4833760261536	605.9833331108093	0.4999570846557617
on,		606.0	0.5	605.9833331108093	606.4833290576935	0.4999959468841553
"dear."""		606.5	0.5	606.4833290576935	606.9833171367645	0.4999880790710449
+		607.0	0.5	606.9833171367645	607.4832961559296	0.49997901916503906
Neville,		607.5	0.5	607.4832961559296	607.9832940101624	0.4999978542327881
his		608.0	0.5	607.9832940101624	608.4832780361176	0.4999840259552002
face		608.5	0.5	608.4832780361176	608.9832870960236	0.5000090599060059
tear-streaked,		609.0	0.5	608.9832870960236	609.4832451343536	0.4999580383300781
clutching		609.5	0.5	609.4832451343536	609.9832351207733	0.49998998641967773
his		610.0	0.5	609.9832351207733	610.483234167099	0.4999990463256836
wrist,		610.5	0.5	610.483234167099	610.9832081794739	0.49997401237487793
hobbled		611.0	0.5	610.9832081794739	611.483234167099	0.5000259876251221
off		611.5	0.5	611.483234167099	611.9831731319427	0.49993896484375
with		612.0	0.5	611.9831731319427	612.483157157898	0.4999840259552002
Madam		612.5	0.5	612.483157157898	612.9831430912018	0.499985933303833
Hooch,		613.0	0.5	612.9831430912018	613.4831430912018	0.5
who		613.5	0.5	613.4831430912018	613.9833450317383	0.500201940536499
had		614.0	0.5	613.9833450317383	614.4836120605469	0.5002670288085938
her		614.5	0.5	614.4836120605469	614.9835932254791	0.499981164932251
arm		615.0	0.5	614.9835932254791	615.4835751056671	0.4999818801879883
around		615.5	0.5	615.4835751056671	615.9834041595459	0.4998290538787842
him.		616.0	0.5	615.9834041595459	616.4832191467285	0.4998149871826172
+		616.5	0.5	616.4832191467285	616.9834711551666	0.5002520084381104
No		617.0	0.5	616.9834711551666	617.483490228653	0.5000190734863281
sooner		617.5	0.5	617.483490228653	617.9834911823273	0.5000009536743164
were		618.0	0.5	617.9834911823273	618.4834501743317	0.49995899200439453
they		618.5	0.5	618.4834501743317	618.983439207077	0.49998903274536133
out		619.0	0.5	618.983439207077	619.4834270477295	0.4999878406524658
of		619.5	0.5	619.4834270477295	619.9834020137787	0.49997496604919434
earshot		620.0	0.5	619.9834020137787	620.4834010601044	0.4999990463256836
than		620.5	0.5	620.4834010601044	620.9833071231842	0.499906063079834
Malfoy		621.0	0.5	620.9833071231842	621.4831030368805	0.49979591369628906
burst		621.5	0.5	621.4831030368805	621.9829452037811	0.49984216690063477
into		622.0	0.5	621.9829452037811	622.4828832149506	0.4999380111694336
laughter.		622.5	0.5	622.4828832149506	622.9828691482544	0.499985933303833
+		623.0	0.5	622.9828691482544	623.4828732013702	0.5000040531158447
"""Did"		623.5	0.5	623.4828732013702	623.9828431606293	0.4999699592590332
you		624.0	0.5	623.9828431606293	624.4828190803528	0.49997591972351074
see		624.5	0.5	624.4828190803528	624.9828021526337	0.4999830722808838
his		625.0	0.5	624.9828021526337	625.4827961921692	0.49999403953552246
face,		625.5	0.5	625.4827961921692	625.9827752113342	0.49997901916503906
the		626.0	0.5	625.9827752113342	626.4827589988708	0.4999837875366211
great		626.5	0.5	626.4827589988708	626.9827561378479	0.4999971389770508
"lump?"""		627.0	0.5	626.9827561378479	627.4827380180359	0.4999818801879883
+		627.5	0.5	627.4827380180359	627.9827411174774	0.5000030994415283
The		628.0	0.5	627.9827411174774	628.4827160835266	0.49997496604919434
other		628.5	0.5	628.4827160835266	628.9827091693878	0.49999308586120605
Slytherins		629.0	0.5	628.9827091693878	629.48268699646	0.49997782707214355
joined		629.5	0.5	629.48268699646	629.9826810359955	0.49999403953552246
in.		630.0	0.5	629.9826810359955	630.4826691150665	0.4999880790710449
+		630.5	0.5	630.4826691150665	630.98268699646	0.5000178813934326
"""Shut"		631.0	0.5	630.98268699646	631.4826691150665	0.4999821186065674
up,		631.5	0.5	631.4826691150665	631.9826741218567	0.5000050067901611
"Malfoy,"""		632.0	0.5	631.9826741218567	632.4826390743256	0.49996495246887207
snapped		632.5	0.5	632.4826390743256	632.9826240539551	0.4999849796295166
Parvati		633.0	0.5	632.9826240539551	633.4826140403748	0.49998998641967773
Patil.		633.5	0.5	633.4826140403748	633.982607126236	0.49999308586120605
+		634.0	0.5	633.982607126236	634.4825541973114	0.49994707107543945
"""Ooh,"		634.5	0.5	634.4825541973114	634.9825580120087	0.5000038146972656
sticking		635.0	0.5	634.9825580120087	635.4825260639191	0.4999680519104004
up		635.5	0.5	635.4825260639191	635.9825131893158	0.4999871253967285
for		636.0	0.5	635.9825131893158	636.4825141429901	0.5000009536743164
"Longbottom?"""		636.5	0.5	636.4825141429901	636.982518196106	0.5000040531158447
said		637.0	0.5	636.982518196106	637.4825141429901	0.4999959468841553
Pansy		637.5	0.5	637.4825141429901	637.9824810028076	0.4999668598175049
Parkinson,		638.0	0.5	637.9824810028076	638.4824540615082	0.4999730587005615
a		638.5	0.5	638.4824540615082	638.9824330806732	0.49997901916503906
hard-faced		639.0	0.5	638.9824330806732	639.4824061393738	0.4999730587005615
Slytherin		639.5	0.5	639.4824061393738	639.9823951721191	0.49998903274536133
girl.		640.0	0.5	639.9823951721191	640.4823801517487	0.4999849796295166
"""Never"		640.5	0.5	640.4823801517487	640.982372045517	0.49999189376831055
thought		641.0	0.5	640.982372045517	641.4823441505432	0.4999721050262451
you'd	italic	641.5	0.5	641.4823441505432	641.982339143753	0.49999499320983887
like		642.0	0.5	641.982339143753	642.4823272228241	0.4999880790710449
fat		642.5	0.5	642.4823272228241	642.982339143753	0.5000119209289551
little		643.0	0.5	642.982339143753	643.4823021888733	0.49996304512023926
crybabies,		643.5	0.5	643.4823021888733	643.9822781085968	0.49997591972351074
"Parvati."""		644.0	0.5	643.9822781085968	644.482274055481	0.4999959468841553
+		644.5	0.5	644.482274055481	644.9822580814362	0.4999840259552002
"""Look!"""		645.0	0.5	644.9822580814362	645.4822540283203	0.4999959468841553
said		645.5	0.5	645.4822540283203	645.9822361469269	0.4999821186065674
Malfoy,		646.0	0.5	645.9822361469269	646.4822111129761	0.49997496604919434
darting		646.5	0.5	646.4822111129761	646.9821991920471	0.4999880790710449
forward		647.0	0.5	646.9821991920471	647.4821920394897	0.49999284744262695
and		647.5	0.5	647.4821920394897	647.9821820259094	0.49998998641967773
snatching		648.0	0.5	647.9821820259094	648.4821681976318	0.4999861717224121
something		648.5	0.5	648.4821681976318	648.9821541309357	0.499985933303833
out		649.0	0.5	648.9821541309357	649.4821360111237	0.4999818801879883
of		649.5	0.5	649.4821360111237	649.9821200370789	0.4999840259552002
the		650.0	0.5	649.9821200370789	650.4821050167084	0.4999849796295166
grass.		650.5	0.5	650.4821050167084	650.982017993927	0.49991297721862793
"""It's"		651.0	0.5	650.982017993927	651.4820740222931	0.5000560283660889
that		651.5	0.5	651.4820740222931	651.9820771217346	0.5000030994415283
stupid		652.0	0.5	651.9820771217346	652.4820520877838	0.49997496604919434
thing		652.5	0.5	652.4820520877838	652.9820520877838	0.5
Longbottom's		653.0	0.5	652.9820520877838	653.4820241928101	0.4999721050262451
gran		653.5	0.5	653.4820241928101	653.9820170402527	0.49999284744262695
sent		654.0	0.5	653.9820170402527	654.4819869995117	0.4999699592590332
"him."""		654.5	0.5	654.4819869995117	654.981968164444	0.499981164932251
+		655.0	0.5	654.981968164444	655.481959104538	0.49999094009399414
The		655.5	0.5	655.481959104538	655.9820392131805	0.5000801086425781
Remembrall		656.0	0.5	655.9820392131805	656.4819521903992	0.49991297721862793
glittered		656.5	0.5	656.4819521903992	656.9818811416626	0.49992895126342773
in		657.0	0.5	656.9818811416626	657.4819161891937	0.5000350475311279
the		657.5	0.5	657.4819161891937	657.981920003891	0.5000038146972656
sun		658.0	0.5	657.981920003891	658.4819021224976	0.4999821186065674
as		658.5	0.5	658.4819021224976	658.9818720817566	0.4999699592590332
he		659.0	0.5	658.9818720817566	659.4818141460419	0.4999420642852783
held		659.5	0.5	659.4818141460419	659.981828212738	0.500014066696167
it		660.0	0.5	659.981828212738	660.4817662239075	0.4999380111694336
up.		660.5	0.5	660.4817662239075	660.9818050861359	0.5000388622283936
+		661.0	16.0	660.9818050861359		
